Inspection_ID,Inspection_Date,Plant,Production_Line,Product,Shift,Machine_ID,Operator_ID,Batch_ID,Production_Qty,Defect_Qty,Defect_Type,Downtime_Min,Cycle_Time_Sec,Temperature_C,Pressure_Bar,Vibration_mm_s,Material_Batch,Supplier,Inspection_Status,Temperature_Flag,Pressure_Flag,Vibration_Flag,Column1
10063,24-09-2025 00:00,Plant A,Line 4,Widget C,Morning,M-09,OP-103,B1152,1230,6,Dent,80,41.5,160,5.3,3.05,MB-233,Supplier W,Pass,Investigate,Normal,Normal,
10611,08-07-2025 00:00,Plant A,Line 2,Widget B,Night,M-06,OP-124,B1175,621,19,Dent,37,41.6,145,5.68,3.97,MB-241,Supplier Z,Review,Investigate,Normal,Normal,
11147,18-01-2025 00:00,Plant B,Line 3,Widget B,Evening,M-10,OP-112,B1103,1236,43,Color Defect,159,50.6,95.6,4.53,0.13,MB-237,Supplier Z,Review,Normal,Normal,Normal,
10127,31-10-2025 00:00,Plant A,Line 3,Widget D,Morning,M-09,OP-109,B1067,717,7,Color Defect,39,46.6,93.5,3.75,2.04,MB-211,Supplier Y,Pass,Normal,Normal,Normal,
10882,01-06-2025 00:00,Plant A,Line 2,Widget C,Morning,M-11,OP-108,B1196,1332,5,Crack,77,44.6,92.3,5.27,2.51,MB-219,Supplier W,Pass,Normal,Normal,Normal,
10422,23-11-2025 00:00,Plant C,Line 2,Widget A,Morning,M-12,OP-118,B1095,1441,128,Color Defect,60,42.6,92.1,5.34,0.03,MB-204,Supplier X,Review,Normal,Normal,Normal,
10796,06-05-2025 00:00,Plant C,Line 3,Widget C,Evening,M-04,OP-114,B1096,725,7,Crack,177,33.5,92,5.42,3.24,MB-222,Supplier Z,Pass,Normal,Normal,Normal,
11500,21-09-2025 00:00,Plant C,Line 2,Widget C,Evening,M-04,OP-108,B1087,1118,12,Assembly Error,50,35.1,91.4,6.29,3.01,MB-223,Supplier Z,Pass,Normal,Normal,Normal,
11067,03-12-2025 00:00,Plant B,Line 4,Widget C,Morning,M-02,Unknown,B1151,865,20,Dimension Error,22,38.8,91.4,4.67,2.25,MB-247,Supplier X,Pass,Normal,Normal,Normal,
10342,26-08-2025 00:00,Plant A,Line 3,Widget D,Morning,M-01,OP-132,B1188,1237,43,Assembly Error,21,46.4,91.1,5.51,2.85,MB-223,Supplier X,Review,Normal,Normal,Normal,
10927,28-05-2025 00:00,Plant C,Line 2,Widget A,Morning,M-07,OP-144,B1117,672,8,Dimension Error,104,40.7,90.8,5.31,3.97,MB-246,Supplier Y,Pass,Normal,Normal,Normal,
11072,22-04-2025 00:00,Plant A,Line 4,Widget D,Evening,M-04,OP-146,B1033,749,17,Dimension Error,145,42.1,90.8,5.81,0.33,MB-250,Supplier Z,Pass,Normal,Normal,Normal,
10684,17-05-2025 00:00,Plant B,Line 3,Widget D,Evening,M-01,OP-131,B1006,1129,14,Color Defect,162,44.9,90.6,5.18,4.05,MB-245,Supplier Y,Pass,Normal,Normal,Normal,
10746,09-08-2025 00:00,Plant C,Line 2,Widget D,Morning,M-12,OP-121,B1111,1047,14,Assembly Error,89,42,90.2,5.15,2.71,MB-244,Supplier Y,Pass,Normal,Normal,Normal,
10110,08-09-2025 00:00,Plant C,Line 3,Widget C,Evening,M-06,OP-145,B1160,1189,4,Scratch,149,41.6,90.2,5.64,1.76,MB-246,Supplier Y,Pass,Normal,Normal,Normal,
10489,02-08-2025 00:00,Plant A,Line 1,Widget C,Night,M-06,OP-130,B1106,1161,34,Assembly Error,172,42.7,90.1,5.84,3.38,MB-234,Supplier Y,Pass,Normal,Normal,Normal,
10960,07-03-2025 00:00,Plant A,Line 1,Widget D,Morning,M-12,OP-143,B1111,915,11,Color Defect,56,36.1,89.7,5,2.03,MB-241,Supplier Z,Pass,Normal,Normal,Normal,
10074,03-01-2025 00:00,Plant C,Line 1,Widget D,Evening,M-11,OP-118,B1011,832,31,Dent,91,39.9,89.3,3.95,3.96,MB-245,Supplier W,Review,Normal,Normal,Normal,
10868,12-07-2025 00:00,Plant A,Line 4,Widget C,Night,M-05,OP-110,B1121,1261,45,Dent,42,44.6,89.1,5.31,2.67,MB-205,Supplier W,Review,Normal,Normal,Normal,
11176,23-11-2025 00:00,Plant A,Line 3,Widget D,Morning,M-08,OP-140,B1092,1441,12,Dimension Error,137,42.6,88.9,5.5,3.19,MB-215,Supplier Z,Pass,Normal,Normal,Normal,
11042,03-07-2025 00:00,Plant A,Line 2,Widget D,Evening,M-07,OP-106,B1069,892,77,Dent,90,19.2,88.9,5.37,1.78,MB-230,Supplier Z,Review,Normal,Normal,Normal,
10398,14-01-2025 00:00,Plant B,Line 1,Widget B,Night,M-10,OP-147,B1171,838,5,Scratch,18,36.5,88.8,4.32,1.05,MB-201,Supplier Z,Pass,Normal,Normal,Normal,
10994,21-07-2025 00:00,Plant A,Line 2,Widget C,Night,M-06,OP-126,B1101,1153,13,Scratch,63,38.7,88.7,5.24,1.48,MB-235,Supplier Y,Pass,Normal,Normal,Normal,
10125,24-03-2025 00:00,Plant B,Line 3,Widget C,Evening,M-09,OP-128,B1172,1045,44,Assembly Error,75,49,88.5,5.66,5.26,MB-218,Supplier Z,Review,Normal,Normal,Normal,
10416,31-01-2025 00:00,Plant A,Line 2,Widget D,Morning,M-07,OP-131,B1175,1015,4,Crack,130,51.7,88.5,5.82,3.45,MB-216,Supplier Z,Pass,Normal,Normal,Normal,
10631,05-08-2025 00:00,Plant C,Line 1,Widget D,Morning,M-03,OP-108,B1112,682,41,Scratch,23,34.1,88.4,5.62,3.13,MB-226,Supplier X,Review,Normal,Normal,Normal,
10869,29-04-2025 00:00,Plant A,Line 2,Widget B,Morning,M-09,OP-150,B1062,925,13,Scratch,76,41.9,87.9,5.38,1.32,MB-243,Supplier Y,Pass,Normal,Normal,Normal,
10037,08-03-2025 00:00,Plant A,Line 1,Widget B,Morning,M-06,OP-134,B1110,535,3,Dimension Error,12,52.4,87.9,3.98,1.55,MB-225,Supplier W,Pass,Normal,Normal,Normal,
10505,20-07-2025 00:00,Plant A,Line 4,Widget D,Evening,M-12,OP-131,B1077,941,6,Crack,176,42.9,87.8,6.89,2.12,MB-203,Supplier Z,Pass,Normal,Normal,Normal,
10363,11-07-2025 00:00,Plant C,Line 4,Widget C,Morning,M-05,OP-150,B1161,582,4,Assembly Error,79,34.3,87.7,5.81,1.09,MB-249,Supplier Z,Pass,Normal,Normal,Normal,
10886,23-11-2025 00:00,Plant B,Line 2,Widget D,Evening,M-02,OP-110,B1198,1058,12,Dimension Error,31,36,87.7,4.57,1.49,MB-225,Supplier Z,Pass,Normal,Normal,Normal,
11169,24-12-2025 00:00,Plant C,Line 2,Widget A,Evening,M-04,OP-108,B1181,846,3,Scratch,70,40.5,87.6,4.96,0.73,MB-247,Supplier W,Pass,Normal,Normal,Normal,
10331,08-08-2025 00:00,Plant A,Line 1,Widget A,Morning,M-06,OP-115,B1012,816,12,Dent,160,37.8,87.6,4.04,2.73,MB-229,Supplier Y,Pass,Normal,Normal,Normal,
11253,04-11-2025 00:00,Plant B,Line 3,Widget C,Night,M-10,OP-101,B1079,710,10,Dimension Error,180,35.9,87.4,4.48,3.14,MB-220,Supplier X,Pass,Normal,Normal,Normal,
10607,27-04-2025 00:00,Plant B,Line 2,Widget D,Morning,M-04,OP-120,B1121,1124,37,Color Defect,141,42.4,87.4,5.27,4.1,MB-213,Supplier Z,Review,Normal,Normal,Normal,
10283,17-01-2025 00:00,Plant B,Line 1,Widget D,Morning,M-11,OP-138,B1071,827,10,Assembly Error,110,36.9,87.1,5.24,3.65,MB-245,Supplier Y,Pass,Normal,Normal,Normal,
10215,13-04-2025 00:00,Plant C,Line 2,Widget A,Morning,M-02,OP-131,B1051,1340,16,Assembly Error,93,39.1,87.1,5.65,1.33,MB-200,Supplier X,Pass,Normal,Normal,Normal,
10469,19-06-2025 00:00,Plant B,Line 1,Widget C,Morning,M-08,OP-111,B1016,489,16,Color Defect,118,51.3,87.1,5.69,3.22,MB-233,Supplier W,Review,Normal,Normal,Normal,
10019,05-10-2025 00:00,Plant A,Line 3,Widget C,Morning,M-03,OP-137,B1085,937,13,Color Defect,33,40.3,87,5.18,1.77,MB-238,Supplier W,Pass,Normal,Normal,Normal,
10417,11-09-2025 00:00,Plant A,Line 3,Widget D,Evening,M-03,OP-124,B1182,583,6,Assembly Error,61,31.8,86.9,3.9,2.41,MB-220,Supplier Z,Pass,Normal,Normal,Normal,
11311,19-05-2025 00:00,Plant C,Line 3,Widget A,Morning,M-12,OP-145,B1165,1115,18,Dimension Error,174,28.8,86.9,4.78,2.49,MB-237,Supplier W,Pass,Normal,Normal,Normal,
11482,23-03-2025 00:00,Plant C,Line 4,Widget A,Morning,M-10,OP-106,B1130,1252,11,Crack,16,44.5,86.8,5.56,0.62,MB-230,Supplier Z,Pass,Normal,Normal,Normal,
10329,26-01-2025 00:00,Plant A,Line 2,Widget D,Evening,M-11,OP-149,B1041,1446,12,Crack,15,33.9,86.7,4.61,2.06,MB-229,Supplier W,Pass,Normal,Normal,Normal,
10182,14-05-2025 00:00,Plant B,Line 2,Widget B,Evening,M-01,OP-143,B1159,1102,13,Color Defect,174,49.8,86.7,5,2.43,MB-210,Unknown,Pass,Normal,Normal,Normal,
10228,17-10-2025 00:00,Plant A,Line 2,Widget A,Morning,M-07,OP-104,B1146,1365,14,Dimension Error,163,48.3,86.6,4.87,3.58,MB-231,Supplier Y,Pass,Normal,Normal,Normal,
10779,07-11-2025 00:00,Plant B,Line 3,Widget A,Morning,M-11,OP-150,B1196,1425,19,Dent,161,38.9,86.6,6.81,5.82,MB-218,Supplier W,Pass,Normal,Normal,Normal,
10657,27-04-2025 00:00,Plant A,Line 1,Widget D,Morning,M-10,OP-128,B1066,1231,11,Dent,88,54.3,86.6,4.17,2.39,MB-230,Supplier Z,Pass,Normal,Normal,Normal,
10049,01-11-2025 00:00,Plant A,Line 1,Widget B,Night,M-03,OP-118,B1000,1439,17,Color Defect,82,43.6,86.5,3.97,5.88,MB-229,Supplier Y,Pass,Normal,Normal,Normal,
11051,27-12-2025 00:00,Plant C,Line 2,Widget C,Night,M-10,OP-134,B1186,1431,41,Dimension Error,25,44.1,86.5,5.1,2.6,MB-229,Supplier X,Pass,Normal,Normal,Normal,
10481,18-02-2025 00:00,Plant A,Line 3,Widget B,Night,M-10,OP-104,B1026,1391,137,Crack,97,35.8,86.4,4.67,3.84,MB-241,Supplier W,Review,Normal,Normal,Normal,
10461,22-11-2025 00:00,Plant A,Line 2,Widget A,Morning,M-10,OP-149,B1117,1081,6,Dimension Error,161,46.5,86.4,6.33,2.26,MB-216,Supplier W,Pass,Normal,Normal,Normal,
10715,15-04-2025 00:00,Plant C,Line 2,Widget D,Evening,M-08,OP-121,B1162,1156,4,Crack,159,48.2,86.3,4.11,2.74,MB-216,Supplier Y,Pass,Normal,Normal,Normal,
10534,17-02-2025 00:00,Plant C,Line 2,Widget C,Night,M-11,OP-120,B1009,527,5,Color Defect,33,43.7,86.3,3.9,1.75,MB-243,Supplier Z,Pass,Normal,Normal,Normal,
10015,07-10-2025 00:00,Plant B,Line 4,Widget C,Night,M-02,OP-127,B1129,577,14,Assembly Error,21,45.1,86.2,4.67,0.94,MB-249,Supplier X,Pass,Normal,Normal,Normal,
10091,27-02-2025 00:00,Plant C,Line 2,Widget B,Morning,M-12,OP-102,B1101,609,5,Color Defect,39,40.2,85.8,5.2,2.05,MB-235,Supplier X,Pass,Normal,Normal,Normal,
10726,24-01-2025 00:00,Plant A,Line 1,Widget B,Night,M-12,OP-150,B1063,1496,15,Dimension Error,160,45.2,85.8,4.4,1.71,MB-246,Supplier W,Pass,Normal,Normal,Normal,
11453,02-05-2025 00:00,Plant B,Line 2,Widget C,Night,M-04,OP-102,B1132,1149,31,Crack,50,41.4,85.7,5.37,2.38,MB-242,Supplier Z,Pass,Normal,Normal,Normal,
11358,13-08-2025 00:00,Plant B,Line 3,Widget B,Morning,M-12,OP-124,B1050,778,4,Crack,153,40.6,85.7,4.51,3.07,MB-234,Supplier Z,Pass,Normal,Normal,Normal,
10126,22-09-2025 00:00,Plant A,Line 4,Widget D,Morning,M-11,OP-135,B1186,1461,5,Assembly Error,82,48.7,85.7,5.12,2.61,MB-248,Supplier W,Pass,Normal,Normal,Normal,
11020,07-03-2025 00:00,Plant B,Line 3,Widget B,Evening,M-05,Unknown,B1189,1558,13,Dimension Error,163,37.4,85.7,5.86,3.75,MB-238,Supplier X,Pass,Normal,Normal,Normal,
10465,23-11-2025 00:00,Plant B,Line 2,Widget B,Evening,M-10,OP-129,B1072,1069,7,Scratch,104,42.5,85.6,3.71,1.25,MB-232,Supplier Y,Pass,Normal,Normal,Normal,
11292,28-04-2025 00:00,Plant B,Line 3,Widget D,Evening,M-12,OP-113,B1149,1399,19,Dent,134,43,85.5,4.61,1.74,MB-230,Supplier X,Pass,Normal,Normal,Normal,
10676,19-12-2025 00:00,Plant B,Line 3,Widget B,Evening,M-06,OP-105,B1162,1320,18,Dimension Error,77,35.4,85.3,6.8,3.79,MB-205,Supplier Y,Pass,Normal,Normal,Normal,
10280,02-12-2025 00:00,Plant C,Line 1,Widget B,Evening,M-10,OP-114,B1198,1591,17,Dimension Error,165,41.2,85.3,4.49,0.05,MB-211,Supplier Y,Pass,Normal,Normal,Normal,
11156,02-01-2025 00:00,Plant B,Line 2,Widget A,Evening,M-08,OP-145,B1013,1073,16,Scratch,97,36.1,85.1,6.48,2.88,MB-226,Supplier Y,Pass,Normal,Normal,Normal,
11168,04-07-2025 00:00,Plant C,Line 3,Widget D,Evening,M-06,OP-118,B1024,570,20,Color Defect,26,48.3,85,5.99,2.87,MB-214,Supplier Y,Review,Normal,Normal,Normal,
10061,03-03-2025 00:00,Plant A,Line 2,Widget A,Evening,M-04,OP-108,B1147,510,15,Crack,97,50.2,85,3.94,2.88,MB-233,Supplier X,Pass,Normal,Normal,Normal,
11328,03-08-2025 00:00,Plant A,Line 2,Widget A,Night,M-11,OP-108,B1146,568,8,Dent,164,37.2,85,6.57,1.79,MB-230,Supplier W,Pass,Normal,Normal,Normal,
10370,08-12-2025 00:00,Plant A,Line 4,Widget D,Night,M-05,OP-113,B1117,1054,6,Dent,93,44.3,85,4.19,2.6,MB-216,Supplier X,Pass,Normal,Normal,Normal,
11083,27-01-2025 00:00,Plant A,Line 1,Widget C,Evening,M-11,OP-110,B1120,732,9,Crack,37,36.1,85,3.91,2.1,MB-206,Supplier X,Pass,Normal,Normal,Normal,
10637,04-09-2025 00:00,Plant B,Line 2,Widget D,Evening,M-06,OP-103,B1078,893,3,Dent,103,38.1,84.8,5.79,2.1,MB-225,Supplier W,Pass,Normal,Normal,Normal,
11471,18-02-2025 00:00,Plant C,Line 4,Widget B,Morning,M-12,OP-147,B1022,827,28,Assembly Error,119,39.6,84.8,4.6,5.13,MB-231,Supplier X,Review,Normal,Normal,Normal,
11004,23-07-2025 00:00,Plant C,Line 3,Widget D,Night,M-05,OP-135,B1004,471,4,Color Defect,80,45.8,84.8,4.57,1.84,MB-236,Supplier Z,Pass,Normal,Normal,Normal,
10305,15-05-2025 00:00,Plant A,Line 3,Widget D,Night,M-12,OP-150,B1041,1265,15,Scratch,106,42.6,84.8,5.3,14,MB-243,Supplier Y,Pass,Normal,Normal,Investigate,
11318,17-11-2025 00:00,Plant A,Line 2,Widget B,Morning,M-06,OP-101,B1139,909,3,Dimension Error,151,54.1,84.6,5.05,3.21,MB-227,Supplier Z,Pass,Normal,Normal,Normal,
10220,08-04-2025 00:00,Plant C,Line 2,Widget A,Evening,M-06,OP-146,B1107,1247,15,Dimension Error,8,42,84.6,3.95,2.34,MB-231,Supplier X,Pass,Normal,Normal,Normal,
11387,13-07-2025 00:00,Plant A,Line 4,Widget C,Evening,M-02,OP-142,B1165,1284,49,Scratch,7,40.7,84.5,6.13,3.13,MB-202,Supplier W,Review,Normal,Normal,Normal,
11462,21-10-2025 00:00,Plant C,Line 2,Widget C,Morning,M-12,OP-128,B1141,463,1,Scratch,133,35.2,84.5,5.68,5.21,MB-227,Supplier Y,Pass,Normal,Normal,Normal,
11408,02-03-2025 00:00,Plant A,Line 3,Widget C,Morning,M-04,OP-135,B1046,1487,58,Dimension Error,115,44.7,84.5,5.66,16,MB-234,Supplier Z,Review,Normal,Normal,Investigate,
10490,19-10-2025 00:00,Plant A,Line 4,Widget A,Evening,M-12,OP-133,B1029,1364,38,Scratch,176,37.3,84.5,4.72,1.49,MB-210,Supplier X,Pass,Normal,Normal,Normal,
11180,28-03-2025 00:00,Plant B,Line 1,Widget D,Morning,M-05,OP-115,B1195,719,7,Color Defect,43,41.2,84.4,5.38,1.31,MB-236,Supplier X,Pass,Normal,Normal,Normal,
10514,27-01-2025 00:00,Plant B,Line 4,Widget D,Evening,M-10,OP-105,B1113,757,4,Color Defect,25,37.9,84.4,4.31,0.89,MB-201,Supplier Y,Pass,Normal,Normal,Normal,
11263,11-10-2025 00:00,Plant B,Line 2,Widget C,Night,M-06,OP-138,B1116,1327,9,Scratch,112,38.7,84.4,5.77,3.24,MB-228,Supplier Z,Pass,Normal,Normal,Normal,
10153,30-06-2025 00:00,Plant B,Line 3,Widget C,Night,M-02,OP-137,B1133,568,40,Crack,139,42.7,84.4,4.21,1.19,MB-215,Supplier W,Review,Normal,Normal,Normal,
11049,20-04-2025 00:00,Plant A,Line 1,Widget B,Morning,M-11,OP-117,B1133,706,71,Crack,145,39.5,84.3,5.55,3.52,MB-200,Supplier Y,Review,Normal,Normal,Normal,
10873,20-08-2025 00:00,Plant B,Line 2,Widget C,Morning,M-03,OP-115,B1160,989,11,Dent,69,40.8,84.3,6.03,1.83,MB-206,Supplier W,Pass,Normal,Normal,Normal,
11244,04-06-2025 00:00,Plant C,Line 3,Widget C,Evening,M-09,OP-102,B1037,604,6,Dent,137,40.3,84.1,6.33,3.74,MB-220,Supplier X,Pass,Normal,Normal,Normal,
11307,09-06-2025 00:00,Plant B,Line 2,Widget D,Morning,M-08,OP-104,B1190,1335,6,Dent,147,45.9,84,3.9,3.09,MB-216,Supplier Z,Pass,Normal,Normal,Normal,
10859,29-12-2025 00:00,Plant B,Line 1,Widget D,Night,M-03,OP-125,B1160,497,3,Assembly Error,82,45.5,83.9,5.76,3.69,MB-248,Supplier W,Pass,Normal,Normal,Normal,
10907,06-02-2025 00:00,Plant B,Line 4,Widget D,Morning,M-11,OP-105,B1133,1082,7,Dent,91,44,83.8,4.12,4.07,MB-243,Supplier Z,Pass,Normal,Normal,Normal,
10974,17-12-2025 00:00,Plant B,Line 2,Widget C,Morning,M-03,OP-142,B1088,1587,13,Dimension Error,131,47.5,83.8,4.4,3.55,MB-249,Supplier W,Pass,Normal,Normal,Normal,
10323,30-06-2025 00:00,Plant B,Line 2,Widget D,Evening,M-06,OP-102,B1020,1068,12,Dimension Error,104,49.2,83.7,5.98,2.68,MB-230,Supplier Z,Pass,Normal,Normal,Normal,
10663,26-09-2025 00:00,Plant A,Line 3,Widget B,Morning,M-07,OP-122,B1166,549,14,Color Defect,62,40.6,83.7,5.67,3.22,MB-204,Supplier X,Pass,Normal,Normal,Normal,
10522,04-01-2025 00:00,Plant B,Line 3,Widget D,Night,M-02,OP-133,B1020,933,31,Dimension Error,83,49.9,83.7,5.22,2.4,MB-211,Supplier W,Review,Normal,Normal,Normal,
10613,07-04-2025 00:00,Plant B,Line 3,Widget C,Morning,M-04,OP-103,B1007,1555,3,Dent,172,39.5,83.7,5.24,2.59,MB-245,Supplier X,Pass,Normal,Normal,Normal,
10013,26-08-2025 00:00,Plant B,Line 2,Widget B,Morning,M-06,OP-108,B1026,850,5,Assembly Error,31,42.1,83.6,4.99,5.79,MB-204,Supplier W,Pass,Normal,Normal,Normal,
10107,10-01-2025 00:00,Plant A,Line 4,Widget B,Evening,M-11,OP-102,B1168,964,17,Crack,116,43.9,83.6,4.04,1.58,MB-250,Supplier Z,Pass,Normal,Normal,Normal,
11499,29-11-2025 00:00,Plant C,Line 3,Widget C,Night,M-03,OP-115,B1190,522,15,Dimension Error,119,53.2,83.5,6.02,2.34,MB-210,Supplier X,Pass,Normal,Normal,Normal,
10185,14-03-2025 00:00,Plant A,Line 1,Widget A,Night,M-09,OP-144,B1178,990,10,Dimension Error,122,40.3,83.4,5.47,2.47,MB-244,Supplier Z,Pass,Normal,Normal,Normal,
10939,30-08-2025 00:00,Plant C,Line 3,Widget B,Evening,M-05,OP-138,B1189,1448,36,Dimension Error,29,42.2,83.4,6.39,1.78,MB-243,Supplier X,Pass,Normal,Normal,Normal,
10292,08-08-2025 00:00,Plant A,Line 4,Widget A,Night,M-06,OP-128,B1055,785,10,Scratch,103,34.3,83.4,5.11,3.04,MB-232,Supplier Z,Pass,Normal,Normal,Normal,
10500,10-06-2025 00:00,Plant C,Line 1,Widget C,Morning,M-02,OP-113,B1125,1017,9,Assembly Error,136,46.1,83.4,6.37,4.27,MB-207,Unknown,Pass,Normal,Normal,Normal,
11038,27-07-2025 00:00,Plant B,Line 3,Widget C,Night,M-11,OP-132,B1090,453,8,Color Defect,56,28.8,83.1,5.4,4.6,MB-201,Supplier X,Pass,Normal,Normal,Normal,
10670,24-05-2025 00:00,Plant B,Line 3,Widget A,Night,M-04,OP-105,B1137,1148,96,Color Defect,56,35.4,83.1,5.41,1.65,MB-220,Supplier W,Review,Normal,Normal,Normal,
11205,01-12-2025 00:00,Plant B,Line 1,Widget B,Night,M-03,OP-140,B1142,607,7,Dent,36,35.7,83,5.23,1.12,MB-224,Supplier Y,Pass,Normal,Normal,Normal,
11213,16-09-2025 00:00,Plant B,Line 4,Widget D,Night,M-04,OP-102,B1118,564,6,Dimension Error,14,35,83,6.08,0.56,MB-237,Supplier W,Pass,Normal,Normal,Normal,
10617,07-05-2025 00:00,Plant C,Line 3,Widget C,Night,M-11,Unknown,B1066,1126,6,Dent,66,34.2,83,6.83,2.96,MB-249,Supplier X,Pass,Normal,Normal,Normal,
10458,13-05-2025 00:00,Plant C,Line 4,Widget A,Night,M-06,OP-127,B1137,842,24,Assembly Error,129,48.8,82.9,5.59,2.65,MB-205,Supplier Z,Pass,Normal,Normal,Normal,
11273,19-11-2025 00:00,Plant A,Line 3,Widget C,Night,M-03,OP-117,B1109,612,22,Assembly Error,171,27.9,82.8,3.42,2.63,MB-204,Supplier Y,Review,Normal,Normal,Normal,
10031,07-09-2025 00:00,Plant B,Line 2,Widget B,Night,M-02,OP-112,B1192,1166,5,Dent,58,44.9,82.7,3.11,2.08,MB-236,Supplier X,Pass,Normal,Normal,Normal,
10951,10-05-2025 00:00,Plant A,Line 2,Widget C,Morning,M-06,OP-104,B1013,741,9,Dent,102,46.1,82.7,5.5,4.13,MB-220,Supplier Z,Pass,Normal,Normal,Normal,
10184,22-10-2025 00:00,Plant B,Line 1,Widget C,Morning,M-10,OP-149,B1194,542,5,Color Defect,11,45.8,82.7,5.54,3.75,MB-202,Supplier Z,Pass,Normal,Normal,Normal,
11319,09-03-2025 00:00,Plant A,Line 3,Widget B,Night,M-04,OP-147,B1145,772,15,Color Defect,119,41.3,82.7,5.9,3.61,MB-248,Supplier Y,Pass,Normal,Normal,Normal,
10754,09-07-2025 00:00,Plant A,Line 1,Widget C,Evening,M-05,OP-127,B1197,1424,90,Crack,36,46.6,82.7,5.05,4.25,MB-225,Supplier X,Review,Normal,Normal,Normal,
10549,17-10-2025 00:00,Plant A,Line 1,Widget C,Evening,M-07,OP-131,B1039,929,37,Crack,146,31.2,82.6,6.46,1.85,MB-244,Supplier X,Review,Normal,Normal,Normal,
11103,24-01-2025 00:00,Plant A,Line 2,Widget C,Morning,M-01,OP-143,B1143,571,2,Color Defect,118,39.9,82.6,4.72,4.73,MB-214,Supplier Z,Pass,Normal,Normal,Normal,
10100,09-05-2025 00:00,Plant B,Line 4,Widget D,Morning,M-10,OP-150,B1057,1003,37,Scratch,25,41.9,82.5,4.44,0.42,MB-248,Supplier Z,Review,Normal,Normal,Normal,
11324,18-12-2025 00:00,Plant B,Line 1,Widget B,Evening,M-01,OP-107,B1046,617,19,Color Defect,97,26.8,82.5,4.84,1.91,MB-219,Supplier Y,Review,Normal,Normal,Normal,
11498,01-06-2025 00:00,Plant C,Line 2,Widget D,Night,M-05,OP-132,B1045,1282,14,Dimension Error,21,44.4,82.5,3.92,2.39,MB-245,Supplier Y,Pass,Normal,Normal,Normal,
11309,16-09-2025 00:00,Plant A,Line 3,Widget A,Evening,M-06,OP-139,B1152,916,60,Scratch,68,49.8,82.4,3.78,3.32,MB-235,Supplier X,Review,Normal,Normal,Normal,
10079,11-10-2025 00:00,Plant A,Line 3,Widget A,Morning,M-12,OP-137,B1048,582,3,Dimension Error,124,44.5,82.4,4.96,3.22,MB-219,Supplier Y,Pass,Normal,Normal,Normal,
10317,21-01-2025 00:00,Plant C,Line 2,Widget C,Morning,M-08,OP-120,B1007,807,10,Assembly Error,62,53.4,82.4,7.21,3.71,MB-229,Supplier Y,Pass,Normal,Normal,Normal,
10825,05-05-2025 00:00,Plant A,Line 3,Widget D,Morning,M-02,OP-124,B1045,1535,136,Crack,116,38.8,82.4,6.29,1.06,MB-207,Supplier X,Review,Normal,Normal,Normal,
11265,25-11-2025 00:00,Plant B,Line 1,Widget D,Morning,M-03,OP-113,B1112,607,7,Crack,26,48.5,82.4,4.66,3.4,MB-225,Supplier W,Pass,Normal,Normal,Normal,
10818,14-05-2025 00:00,Plant B,Line 1,Widget D,Evening,M-08,OP-110,B1118,1590,19,Color Defect,96,50,82.3,4.93,2.52,MB-200,Supplier X,Pass,Normal,Normal,Normal,
11250,17-11-2025 00:00,Plant A,Line 1,Widget D,Evening,M-08,OP-105,B1100,501,4,Color Defect,91,38.3,82.3,5.41,2.37,MB-243,Supplier Z,Pass,Normal,Normal,Normal,
11098,20-02-2025 00:00,Plant C,Line 4,Widget C,Morning,M-01,OP-134,B1038,1093,9,Assembly Error,30,41.4,82.2,4.7,2.35,MB-233,Supplier Z,Pass,Normal,Normal,Normal,
10595,07-11-2025 00:00,Plant A,Line 3,Widget C,Morning,M-09,OP-137,B1036,1011,20,Assembly Error,111,39,82.2,5.2,3.63,MB-213,Supplier Z,Pass,Normal,Normal,Normal,
10118,24-09-2025 00:00,Plant B,Line 4,Widget D,Morning,M-09,OP-136,B1084,1128,40,Crack,76,38.9,82.2,5.25,3.74,MB-241,Supplier W,Review,Normal,Normal,Normal,
10058,13-04-2025 00:00,Plant A,Line 2,Widget C,Morning,M-12,OP-145,B1097,1176,15,Crack,135,34.7,82.2,4.99,2.95,MB-214,Supplier W,Pass,Normal,Normal,Normal,
10761,20-09-2025 00:00,Plant B,Line 3,Widget D,Morning,M-03,OP-127,B1050,1302,30,Scratch,79,51.1,82.2,4.51,3.02,MB-201,Supplier W,Pass,Normal,Normal,Normal,
10955,31-01-2025 00:00,Plant B,Line 1,Widget B,Night,M-04,OP-111,B1184,1473,19,Dimension Error,82,45.3,82.2,4.92,2.09,MB-209,Supplier Z,Pass,Normal,Normal,Normal,
10383,19-05-2025 00:00,Plant B,Line 4,Widget C,Evening,M-01,OP-147,B1200,1184,18,Assembly Error,14,43.8,82.1,5.33,2.34,MB-247,Supplier X,Pass,Normal,Normal,Normal,
11162,27-12-2025 00:00,Plant B,Line 3,Widget C,Evening,M-11,OP-136,B1108,1499,8,Dent,26,43.2,82.1,5.52,2.64,MB-237,Supplier W,Pass,Normal,Normal,Normal,
10306,17-07-2025 00:00,Plant B,Line 2,Widget A,Evening,M-02,OP-144,B1014,466,2,Dent,82,39.7,82.1,5.52,2.61,MB-221,Supplier Y,Pass,Normal,Normal,Normal,
10344,17-07-2025 00:00,Plant A,Line 2,Widget C,Morning,M-10,OP-114,B1181,1278,35,Color Defect,50,40,82.1,4.72,1.86,MB-231,Supplier X,Pass,Normal,Normal,Normal,
11334,27-04-2025 00:00,Plant A,Line 1,Widget C,Evening,M-02,OP-124,B1178,1478,13,Crack,16,38.8,82,4.75,2.51,MB-231,Supplier Y,Pass,Normal,Normal,Normal,
11293,14-01-2025 00:00,Plant C,Line 2,Widget C,Morning,M-11,OP-104,B1057,622,3,Assembly Error,141,48.7,82,4.61,1.82,MB-234,Supplier Y,Pass,Normal,Normal,Normal,
10163,09-02-2025 00:00,Plant C,Line 1,Widget D,Evening,M-08,OP-124,B1003,924,3,Crack,71,21.5,82,5.07,3.53,MB-240,Supplier X,Pass,Normal,Normal,Normal,
11427,23-03-2025 00:00,Plant A,Line 4,Widget D,Night,M-06,OP-128,B1060,1070,8,Assembly Error,42,50,81.9,6.44,3.65,MB-204,Supplier Z,Pass,Normal,Normal,Normal,
10608,14-05-2025 00:00,Plant A,Line 3,Widget D,Morning,M-08,OP-101,B1095,848,60,Assembly Error,126,60.9,81.8,6.14,4.11,MB-246,Supplier Y,Review,Normal,Normal,Normal,
10112,09-05-2025 00:00,Plant A,Line 4,Widget B,Morning,M-12,OP-144,B1187,1153,21,Dent,61,47.4,81.8,5.12,2.58,MB-227,Supplier Z,Pass,Normal,Normal,Normal,
10138,09-03-2025 00:00,Plant A,Line 1,Widget A,Evening,M-02,OP-145,B1085,526,22,Assembly Error,57,40.5,81.8,4.35,1.84,MB-250,Supplier Y,Review,Normal,Normal,Normal,
11037,04-10-2025 00:00,Plant C,Line 3,Widget D,Evening,M-11,OP-150,B1185,483,2,Assembly Error,24,45.3,81.7,4.93,1.74,MB-220,Supplier Y,Pass,Normal,Normal,Normal,
11416,12-04-2025 00:00,Plant A,Line 2,Widget C,Night,M-05,OP-143,B1162,554,6,Dent,69,45.4,81.7,5.98,1.8,MB-207,Supplier X,Pass,Normal,Normal,Normal,
11142,14-06-2025 00:00,Plant C,Line 3,Widget C,Evening,M-02,OP-145,B1095,1492,7,Scratch,47,39,81.6,4.09,3.13,MB-225,Supplier W,Pass,Normal,Normal,Normal,
10729,14-09-2025 00:00,Plant B,Line 3,Widget D,Morning,M-04,OP-113,B1057,1453,18,Scratch,164,55.5,81.6,5.67,3.4,MB-221,Supplier W,Pass,Normal,Normal,Normal,
11262,02-09-2025 00:00,Plant A,Line 3,Widget C,Morning,M-05,OP-120,B1186,1426,86,Dent,25,41.6,81.6,6.02,3.41,MB-230,Supplier X,Review,Normal,Normal,Normal,
10427,09-03-2025 00:00,Plant C,Line 4,Widget A,Evening,M-11,OP-133,B1018,791,3,Assembly Error,153,48.6,81.5,5.12,4.87,MB-244,Supplier W,Pass,Normal,Normal,Normal,
11080,01-04-2025 00:00,Plant C,Line 2,Widget A,Night,M-04,OP-144,B1142,1318,18,Dent,80,35.6,81.5,6.34,3.71,MB-229,Supplier X,Pass,Normal,Normal,Normal,
11050,22-12-2025 00:00,Plant A,Line 3,Widget A,Evening,M-08,OP-135,B1021,468,5,Dimension Error,114,37.1,81.5,5.83,1.88,MB-245,Supplier Y,Pass,Normal,Normal,Normal,
10577,01-11-2025 00:00,Plant B,Line 1,Widget A,Night,M-10,OP-115,B1182,1300,19,Dimension Error,85,47.6,81.5,4.84,2.99,MB-230,Supplier Y,Pass,Normal,Normal,Normal,
11494,05-03-2025 00:00,Plant B,Line 2,Widget A,Morning,M-04,OP-120,B1131,884,7,Color Defect,98,59.6,81.5,5.2,1.89,MB-209,Supplier Y,Pass,Normal,Normal,Normal,
10257,10-01-2025 00:00,Plant B,Line 1,Widget D,Evening,M-08,OP-109,B1014,494,5,Dent,8,51.4,81.5,5.11,3.9,MB-219,Supplier Z,Pass,Normal,Normal,Normal,
10389,16-05-2025 00:00,Plant C,Line 3,Widget C,Evening,M-06,OP-117,B1144,635,4,Dimension Error,146,41.6,81.5,5.47,2.73,MB-210,Supplier W,Pass,Normal,Normal,Normal,
11352,18-03-2025 00:00,Plant B,Line 3,Widget D,Morning,M-06,OP-103,B1077,1463,46,Color Defect,68,46.6,81.5,4.95,1.76,MB-224,Supplier X,Review,Normal,Normal,Normal,
10903,21-10-2025 00:00,Plant A,Line 3,Widget A,Morning,M-09,OP-112,B1009,596,2,Crack,137,43.8,81.5,5.48,3.78,MB-231,Supplier W,Pass,Normal,Normal,Normal,
10538,01-08-2025 00:00,Plant A,Line 2,Widget B,Night,M-08,OP-127,B1067,1483,6,Crack,26,46.9,81.5,4.01,2.48,MB-217,Supplier X,Pass,Normal,Normal,Normal,
11013,04-06-2025 00:00,Plant C,Line 2,Widget A,Night,M-07,OP-119,B1091,699,10,Dent,171,44,81.5,6.05,4.45,MB-235,Supplier W,Pass,Normal,Normal,Normal,
11449,28-08-2025 00:00,Plant B,Line 4,Widget A,Evening,M-04,OP-128,B1188,1574,20,Dimension Error,75,49.5,81.4,6.54,2.61,MB-233,Supplier W,Pass,Normal,Normal,Normal,
11399,13-04-2025 00:00,Plant C,Line 2,Widget C,Morning,M-05,OP-119,B1086,881,28,Dent,73,38.7,81.4,4.45,18,MB-203,Supplier W,Review,Normal,Normal,Investigate,
10571,04-04-2025 00:00,Plant C,Line 3,Widget A,Evening,M-07,OP-111,B1103,1481,12,Assembly Error,42,48.4,81.3,3.33,2.12,MB-206,Supplier Y,Pass,Normal,Normal,Normal,
10926,24-11-2025 00:00,Plant C,Line 2,Widget A,Morning,M-09,OP-117,B1169,1521,18,Color Defect,33,51.3,81.3,5.18,1.34,MB-215,Supplier Y,Pass,Normal,Normal,Normal,
10083,23-03-2025 00:00,Plant A,Line 1,Widget C,Evening,M-11,OP-101,B1087,938,29,Crack,58,32.6,81.3,6.27,4.55,MB-214,Supplier X,Review,Normal,Normal,Normal,
11070,04-01-2025 00:00,Plant B,Line 3,Widget A,Morning,M-06,OP-136,B1098,941,3,Dimension Error,171,49.3,81.3,3.23,2.47,MB-209,Supplier W,Pass,Normal,Normal,Normal,
11377,30-03-2025 00:00,Plant A,Line 3,Widget D,Evening,M-01,OP-136,B1050,1245,30,Unknown,11,41.2,81.3,4.88,1.07,MB-214,Supplier X,Pass,Normal,Normal,Normal,
11150,04-02-2025 00:00,Plant C,Line 2,Widget C,Morning,M-05,OP-123,B1033,1245,6,Crack,128,41.6,81.2,4.81,3.8,MB-247,Supplier W,Pass,Normal,Normal,Normal,
10936,17-01-2025 00:00,Plant B,Line 2,Widget A,Evening,M-11,OP-116,B1031,1276,9,Crack,27,31.2,81.2,5.13,2.4,MB-232,Supplier W,Pass,Normal,Normal,Normal,
11154,30-04-2025 00:00,Plant A,Line 3,Widget B,Morning,M-08,OP-116,B1153,524,12,Crack,175,48.4,81.1,6.57,1.7,MB-211,Supplier Y,Pass,Normal,Normal,Normal,
10711,16-06-2025 00:00,Plant A,Line 4,Widget C,Evening,M-04,OP-106,B1188,1140,16,Crack,47,36.6,81,5.34,1.86,MB-236,Supplier W,Pass,Normal,Normal,Normal,
10581,09-10-2025 00:00,Plant B,Line 2,Widget D,Evening,M-08,OP-119,B1034,1429,5,Assembly Error,165,38.7,81,6.48,4.48,MB-227,Supplier Z,Pass,Normal,Normal,Normal,
11255,24-08-2025 00:00,Plant A,Line 3,Widget B,Morning,M-08,OP-132,B1164,858,74,Dent,90,29.8,81,5.41,2.5,MB-208,Supplier X,Review,Normal,Normal,Normal,
10368,17-08-2025 00:00,Plant B,Line 1,Widget B,Morning,M-06,OP-126,B1070,1254,19,Color Defect,107,42,80.9,5.31,2.5,MB-203,Supplier Y,Pass,Normal,Normal,Normal,
10989,02-03-2025 00:00,Plant B,Line 2,Widget B,Morning,M-09,OP-133,B1062,465,6,Scratch,16,55,80.9,6.3,1.95,MB-224,Supplier X,Pass,Normal,Normal,Normal,
11138,10-02-2025 00:00,Plant A,Line 1,Widget B,Night,M-05,OP-137,B1030,1338,17,Dimension Error,150,42.5,80.9,5.38,1.78,MB-250,Supplier Y,Pass,Normal,Normal,Normal,
10124,08-09-2025 00:00,Plant C,Line 3,Widget C,Morning,M-08,OP-146,B1037,1000,12,Assembly Error,146,43,80.8,5.4,2.73,MB-213,Supplier Z,Pass,Normal,Normal,Normal,
11361,11-12-2025 00:00,Plant C,Line 4,Widget C,Night,M-10,OP-148,B1083,1144,32,Scratch,166,45.3,80.8,4.68,3.07,MB-243,Supplier Z,Pass,Normal,Normal,Normal,
10046,02-08-2025 00:00,Plant C,Line 3,Widget A,Morning,M-05,OP-126,B1109,1053,7,Scratch,168,42.4,80.8,3.85,4.48,MB-208,Supplier X,Pass,Normal,Normal,Normal,
10341,01-11-2025 00:00,Plant B,Line 3,Widget D,Evening,M-12,OP-116,B1028,1253,27,Dent,155,43.8,80.8,3.43,2.35,MB-213,Supplier X,Pass,Normal,Normal,Normal,
11131,30-05-2025 00:00,Plant A,Line 3,Widget D,Morning,M-11,Unknown,B1054,1512,124,Dimension Error,76,33.4,80.8,4.88,2.61,MB-203,Supplier X,Review,Normal,Normal,Normal,
10507,06-07-2025 00:00,Plant B,Line 1,Widget B,Morning,M-07,Unknown,B1050,1167,9,Assembly Error,151,41.7,80.7,5.34,0.68,MB-233,Supplier W,Pass,Normal,Normal,Normal,
11161,23-11-2025 00:00,Plant C,Line 1,Widget A,Evening,M-05,OP-104,B1057,554,32,Color Defect,160,45.6,80.7,5.55,1.6,MB-231,Supplier W,Review,Normal,Normal,Normal,
11335,12-04-2025 00:00,Plant B,Line 3,Widget D,Morning,M-03,OP-143,B1186,1332,6,Color Defect,20,38.8,80.7,5.68,3.3,MB-228,Supplier X,Pass,Normal,Normal,Normal,
10428,21-03-2025 00:00,Plant B,Line 1,Widget B,Night,M-06,OP-108,B1130,657,8,Color Defect,29,35.7,80.6,5.6,2.17,MB-230,Supplier X,Pass,Normal,Normal,Normal,
10103,20-05-2025 00:00,Plant C,Line 4,Widget B,Evening,M-05,OP-132,B1094,618,9,Dimension Error,148,45.8,80.6,4.91,1.88,MB-239,Supplier Y,Pass,Normal,Normal,Normal,
10934,13-11-2025 00:00,Plant C,Line 4,Widget D,Night,M-01,OP-118,B1003,869,5,Crack,58,45.4,80.5,5.83,2.27,MB-241,Supplier X,Pass,Normal,Normal,Normal,
10139,02-04-2025 00:00,Plant C,Line 4,Widget A,Evening,M-02,OP-111,B1178,790,5,Crack,21,35.7,80.5,6.05,2.1,MB-218,Supplier X,Pass,Normal,Normal,Normal,
10236,22-11-2025 00:00,Plant A,Line 4,Widget C,Morning,M-12,OP-135,B1196,642,4,Dimension Error,112,49.7,80.5,5.63,3.2,MB-218,Supplier Y,Pass,Normal,Normal,Normal,
10900,14-04-2025 00:00,Plant B,Line 1,Widget C,Evening,M-06,OP-138,B1130,1578,19,Dent,116,41.2,80.4,5.53,2.44,MB-223,Supplier W,Pass,Normal,Normal,Normal,
11284,13-06-2025 00:00,Plant C,Line 3,Widget D,Morning,M-03,OP-127,B1020,844,7,Dent,53,44.6,80.4,4.2,3.46,MB-233,Supplier X,Pass,Normal,Normal,Normal,
10410,01-03-2025 00:00,Plant A,Line 1,Widget A,Evening,M-06,OP-125,B1153,1253,5,Scratch,63,42.5,80.3,5.42,3.08,MB-247,Supplier W,Pass,Normal,Normal,Normal,
11489,13-06-2025 00:00,Plant B,Line 4,Widget C,Morning,M-02,OP-124,B1054,682,4,Dimension Error,63,34.5,80.3,4.05,4.03,MB-221,Supplier Z,Pass,Normal,Normal,Normal,
10390,24-12-2025 00:00,Plant C,Line 2,Widget D,Night,M-11,OP-121,B1179,740,8,Dimension Error,88,42.9,80.3,4.27,4.5,MB-208,Supplier X,Pass,Normal,Normal,Normal,
11116,09-05-2025 00:00,Plant A,Line 3,Widget D,Night,M-10,OP-115,B1102,587,22,Dent,51,44.6,80.3,4.79,2.17,MB-201,Supplier W,Review,Normal,Normal,Normal,
10928,12-03-2025 00:00,Plant C,Line 1,Widget B,Evening,M-06,OP-114,B1114,553,10,Crack,116,31.8,80.3,4.95,1.54,MB-241,Supplier Y,Pass,Normal,Normal,Normal,
10202,09-02-2025 00:00,Plant B,Line 3,Widget A,Evening,M-09,OP-112,B1171,555,50,Scratch,42,39,80.3,4.98,3.96,MB-238,Supplier W,Review,Normal,Normal,Normal,
11185,09-09-2025 00:00,Plant C,Line 3,Widget A,Morning,M-11,OP-144,B1066,1416,20,Color Defect,6,51.9,80.3,5.1,2.09,MB-225,Supplier Z,Pass,Normal,Normal,Normal,
11410,07-05-2025 00:00,Plant A,Line 3,Widget B,Morning,M-03,OP-127,B1110,945,74,Scratch,171,40.8,80.2,4.18,3.09,MB-230,Supplier X,Review,Normal,Normal,Normal,
11390,21-11-2025 00:00,Plant B,Line 4,Widget D,Evening,M-10,OP-116,B1097,584,7,Color Defect,163,48.7,80.2,4.83,2.35,MB-222,Supplier Z,Pass,Normal,Normal,Normal,
11363,05-03-2025 00:00,Plant C,Line 2,Widget D,Evening,M-07,OP-102,B1080,1369,11,Scratch,5,36.5,80.2,6.34,0.6,MB-217,Supplier W,Pass,Normal,Normal,Normal,
10639,03-08-2025 00:00,Plant C,Line 2,Widget C,Morning,M-08,OP-139,B1119,1364,14,Dimension Error,22,44.7,80.2,6,2.77,MB-240,Supplier W,Pass,Normal,Normal,Normal,
10874,15-02-2025 00:00,Plant B,Line 4,Widget C,Morning,M-11,OP-114,B1060,1350,37,Dimension Error,170,43.4,80.2,5.03,3.09,MB-233,Supplier W,Pass,Normal,Normal,Normal,
11091,10-06-2025 00:00,Plant C,Line 3,Widget C,Morning,M-12,OP-110,B1056,1362,33,Color Defect,165,42.3,80.2,4.26,3.11,MB-239,Supplier W,Pass,Normal,Normal,Normal,
10997,03-12-2025 00:00,Plant A,Line 4,Widget B,Night,M-12,Unknown,B1175,485,6,Assembly Error,176,35.8,80.2,3.74,4.58,MB-216,Supplier Z,Pass,Normal,Normal,Normal,
10173,20-01-2025 00:00,Plant C,Line 1,Widget B,Evening,M-03,OP-120,B1110,615,9,Assembly Error,70,50.3,80.1,5.2,3.82,MB-235,Supplier Z,Pass,Normal,Normal,Normal,
10535,02-01-2025 00:00,Plant A,Line 1,Widget A,Evening,M-10,OP-145,B1156,1409,24,Dimension Error,39,53.4,80,4.65,2.98,MB-228,Supplier Z,Pass,Normal,Normal,Normal,
11032,31-12-2025 00:00,Plant A,Line 1,Widget A,Night,M-09,OP-131,B1121,1210,4,Scratch,82,45.1,80,5.92,4.34,MB-243,Supplier X,Pass,Normal,Normal,Normal,
10501,22-08-2025 00:00,Plant B,Line 3,Widget A,Evening,M-12,OP-149,B1012,1002,4,Assembly Error,151,45.1,79.9,6.64,2.82,MB-222,Supplier Y,Pass,Normal,Normal,Normal,
10271,04-09-2025 00:00,Plant B,Line 1,Widget B,Morning,M-09,OP-115,B1109,575,27,Dent,26,35.1,79.9,5.13,1.38,MB-220,Supplier X,Review,Normal,Normal,Normal,
10695,12-01-2025 00:00,Plant C,Line 4,Widget A,Morning,M-02,OP-148,B1060,1012,32,Color Defect,39,32.2,79.9,4.11,3,MB-218,Supplier Z,Review,Normal,Normal,Normal,
11456,12-01-2025 00:00,Plant B,Line 4,Widget A,Night,M-08,OP-112,B1012,1578,115,Dent,150,45.4,79.9,4.99,3.9,MB-216,Supplier Y,Review,Normal,Normal,Normal,
10993,29-05-2025 00:00,Plant B,Line 3,Widget C,Morning,M-11,OP-129,B1002,1345,3,Dimension Error,165,47.2,79.9,5.38,1.74,MB-219,Supplier W,Pass,Normal,Normal,Normal,
11476,23-09-2025 00:00,Plant A,Line 3,Widget D,Evening,M-05,OP-131,B1057,1251,5,Assembly Error,56,36.8,79.9,6.13,3.94,MB-204,Supplier Y,Pass,Normal,Normal,Normal,
10379,10-06-2025 00:00,Plant B,Line 2,Widget C,Evening,M-02,OP-143,B1151,614,2,Color Defect,136,50.7,79.9,4.3,2.6,MB-218,Supplier X,Pass,Normal,Normal,Normal,
10443,26-05-2025 00:00,Plant C,Line 1,Widget C,Evening,M-11,OP-107,B1040,1195,70,Dent,44,42.6,79.8,6.84,3.44,MB-221,Supplier W,Review,Normal,Normal,Normal,
11373,09-09-2025 00:00,Plant A,Line 1,Widget A,Night,M-11,OP-148,B1015,617,4,Crack,179,50.4,79.8,4.03,4.12,MB-229,Supplier Y,Pass,Normal,Normal,Normal,
10954,29-08-2025 00:00,Plant A,Line 3,Widget A,Evening,M-02,OP-139,B1020,1041,6,Dent,160,45,79.8,5.11,3.15,MB-249,Supplier Z,Pass,Normal,Normal,Normal,
10472,21-06-2025 00:00,Plant A,Line 1,Widget D,Morning,M-07,OP-145,B1133,1518,15,Assembly Error,28,46.8,79.7,4.22,5.22,MB-223,Supplier W,Pass,Normal,Normal,Normal,
10961,04-04-2025 00:00,Plant C,Line 2,Widget C,Morning,M-03,OP-140,B1156,1241,9,Dent,138,46.8,79.7,4.27,1.46,MB-219,Supplier Z,Pass,Normal,Normal,Normal,
10142,04-03-2025 00:00,Plant B,Line 3,Widget C,Morning,M-07,OP-116,B1113,960,35,Crack,26,49.9,79.6,4.58,3.25,MB-220,Supplier W,Review,Normal,Normal,Normal,
10589,31-08-2025 00:00,Plant B,Line 1,Widget A,Morning,M-12,OP-109,B1054,705,19,Dimension Error,121,35,79.6,5.32,1.67,MB-244,Supplier X,Pass,Normal,Normal,Normal,
10347,10-07-2025 00:00,Plant C,Line 1,Widget C,Morning,M-12,OP-111,B1038,888,57,Crack,29,48.1,79.6,5.3,2.64,MB-243,Supplier W,Review,Normal,Normal,Normal,
10742,11-02-2025 00:00,Plant B,Line 3,Widget D,Morning,M-02,OP-142,B1193,1203,16,Crack,34,49.4,79.6,4.26,4.18,MB-247,Supplier W,Pass,Normal,Normal,Normal,
11381,17-02-2025 00:00,Plant A,Line 3,Widget A,Morning,M-11,OP-140,B1080,1345,8,Scratch,41,41.2,79.6,6,0.4,MB-230,Supplier Y,Pass,Normal,Normal,Normal,
11378,07-10-2025 00:00,Plant A,Line 2,Widget C,Night,M-05,OP-115,B1122,452,2,Color Defect,75,32.6,79.6,4.73,2.79,MB-205,Unknown,Pass,Normal,Normal,Normal,
10002,16-11-2025 00:00,Plant A,Line 3,Widget A,Evening,M-05,OP-109,B1166,1149,8,Dimension Error,22,37.8,79.6,5.43,2.1,MB-246,Supplier W,Pass,Normal,Normal,Normal,
10902,14-12-2025 00:00,Plant A,Line 4,Widget A,Night,M-10,OP-142,B1177,1474,18,Dimension Error,65,56.3,79.5,5.15,2.91,MB-211,Supplier Y,Pass,Normal,Normal,Normal,
10095,08-10-2025 00:00,Plant A,Line 2,Widget A,Night,M-01,OP-146,B1079,1308,14,Scratch,58,38.4,79.5,4.56,3.19,MB-220,Supplier Y,Pass,Normal,Normal,Normal,
11191,10-02-2025 00:00,Plant C,Line 2,Widget A,Night,M-07,OP-114,B1078,973,2,Color Defect,77,47.7,79.5,6.03,3.1,MB-233,Supplier X,Pass,Normal,Normal,Normal,
10115,01-06-2025 00:00,Plant A,Line 1,Widget B,Morning,M-11,OP-141,B1166,1078,5,Scratch,90,57.2,79.5,5.64,2.32,MB-209,Supplier X,Pass,Normal,Normal,Normal,
11248,05-01-2025 00:00,Plant A,Line 4,Widget C,Evening,M-04,OP-133,B1048,989,6,Dimension Error,173,48.2,79.5,4.05,4.2,MB-226,Supplier X,Pass,Normal,Normal,Normal,
10933,21-08-2025 00:00,Plant B,Line 3,Widget D,Morning,M-05,OP-145,B1114,1442,11,Color Defect,71,41.7,79.4,4.96,5.82,MB-216,Supplier Y,Pass,Normal,Normal,Normal,
10147,17-10-2025 00:00,Plant B,Line 4,Widget B,Evening,M-09,OP-112,B1048,709,3,Assembly Error,83,46.9,79.4,5.91,3.03,MB-223,Supplier Y,Pass,Normal,Normal,Normal,
11366,21-12-2025 00:00,Plant B,Line 1,Widget D,Morning,M-08,OP-105,B1148,879,20,Dimension Error,159,37.3,79.4,4.93,4.45,MB-203,Supplier X,Pass,Normal,Normal,Normal,
10411,08-10-2025 00:00,Plant A,Line 4,Widget B,Night,M-01,OP-119,B1059,882,13,Scratch,161,32,79.2,6.39,1.58,MB-219,Supplier Y,Pass,Normal,Normal,Normal,
10915,10-11-2025 00:00,Plant C,Line 1,Widget D,Night,M-01,OP-104,B1105,1335,20,Dent,37,42,79.2,4.42,4.77,MB-249,Supplier X,Pass,Normal,Normal,Normal,
10264,09-04-2025 00:00,Plant B,Line 3,Widget D,Evening,M-01,OP-124,B1115,832,29,Assembly Error,155,31.1,79.2,4.79,2.57,MB-226,Supplier Z,Review,Normal,Normal,Normal,
10438,12-03-2025 00:00,Plant B,Line 3,Widget A,Evening,M-02,OP-106,B1071,1282,49,Color Defect,29,32.3,79.2,4.58,1.05,MB-245,Supplier Y,Review,Normal,Normal,Normal,
10976,15-12-2025 00:00,Plant A,Line 4,Widget B,Evening,M-01,OP-126,B1000,822,7,Color Defect,136,34,79.2,4.8,4.02,MB-215,Supplier X,Pass,Normal,Normal,Normal,
10131,07-05-2025 00:00,Plant B,Line 1,Widget A,Morning,M-03,OP-112,B1071,632,52,Color Defect,113,30.9,79.2,4.81,2.96,MB-244,Supplier Z,Review,Normal,Normal,Normal,
10963,14-10-2025 00:00,Plant C,Line 3,Widget B,Evening,M-11,OP-108,B1108,694,29,Crack,31,52.7,79.1,5.54,0.81,MB-219,Supplier Y,Review,Normal,Normal,Normal,
10004,15-01-2025 00:00,Plant A,Line 1,Widget A,Night,M-08,OP-101,B1135,1526,15,Color Defect,67,46.1,79.1,5.92,3.63,MB-204,Supplier Y,Pass,Normal,Normal,Normal,
10003,02-01-2025 00:00,Plant B,Line 2,Widget B,Evening,M-06,OP-129,B1190,958,12,Dimension Error,150,43.5,79.1,4.39,1.06,MB-217,Supplier Z,Pass,Normal,Normal,Normal,
11374,07-12-2025 00:00,Plant B,Line 1,Widget A,Night,M-03,OP-146,B1150,1594,18,Color Defect,92,41.1,79.1,5.86,3.45,MB-242,Supplier Y,Pass,Normal,Normal,Normal,
10076,20-01-2025 00:00,Plant B,Line 1,Widget C,Evening,M-04,OP-134,B1065,608,22,Assembly Error,83,40.8,79.1,5.72,1.07,MB-211,Supplier Z,Review,Normal,Normal,Normal,
10560,18-07-2025 00:00,Plant B,Line 3,Widget B,Night,M-07,OP-119,B1195,1075,3,Color Defect,28,30.7,79.1,3.68,3.49,MB-245,Supplier Z,Pass,Normal,Normal,Normal,
10113,05-08-2025 00:00,Plant A,Line 2,Widget D,Morning,M-04,OP-143,B1083,612,3,Dent,86,25,79.1,5.79,2.49,MB-217,Supplier W,Pass,Normal,Normal,Normal,
10871,23-04-2025 00:00,Plant B,Line 4,Widget D,Morning,M-04,OP-150,B1106,567,20,Crack,13,46.1,79.1,4.68,3.57,MB-249,Supplier Z,Review,Normal,Normal,Normal,
11155,21-08-2025 00:00,Plant C,Line 2,Widget C,Morning,M-04,OP-110,B1146,798,4,Dent,151,41.1,79.1,5.76,0.99,MB-231,Supplier W,Pass,Normal,Normal,Normal,
10068,14-08-2025 00:00,Plant A,Line 4,Widget A,Morning,M-09,OP-139,B1014,1506,9,Dent,123,38.2,79,5.57,3.44,MB-219,Supplier Y,Pass,Normal,Normal,Normal,
10440,12-11-2025 00:00,Plant B,Line 1,Widget A,Morning,M-05,OP-102,B1096,1247,11,Crack,171,43,79,4.2,1.11,MB-238,Supplier Z,Pass,Normal,Normal,Normal,
10266,30-03-2025 00:00,Plant B,Line 1,Widget D,Evening,M-05,OP-122,B1034,1214,9,Color Defect,20,45,79,4.86,2.05,MB-201,Supplier W,Pass,Normal,Normal,Normal,
10140,05-03-2025 00:00,Plant C,Line 1,Widget B,Evening,M-12,OP-121,B1138,1448,10,Crack,9,37.3,79,5.1,1.51,MB-247,Supplier W,Pass,Normal,Normal,Normal,
10010,18-12-2025 00:00,Plant C,Line 4,Widget A,Evening,M-07,OP-118,B1103,1109,23,Dimension Error,133,50.2,79,5.36,1.21,MB-241,Supplier Z,Pass,Normal,Normal,Normal,
10759,11-02-2025 00:00,Plant A,Line 3,Widget B,Morning,M-02,OP-143,B1110,1025,9,Dimension Error,25,38.4,79,6.05,2.7,MB-201,Supplier Z,Pass,Normal,Normal,Normal,
10640,19-04-2025 00:00,Plant C,Line 3,Widget A,Morning,M-10,OP-112,B1084,459,2,Scratch,7,34.8,79,5.24,3.56,MB-201,Supplier X,Pass,Normal,Normal,Normal,
10404,14-03-2025 00:00,Plant C,Line 1,Widget D,Morning,M-12,OP-124,B1012,693,23,Color Defect,47,40.1,79,4.89,3.07,MB-225,Supplier X,Review,Normal,Normal,Normal,
10582,14-01-2025 00:00,Plant B,Line 1,Widget D,Night,M-12,OP-102,B1144,1058,10,Crack,39,34.9,78.9,4.95,2.51,MB-220,Supplier X,Pass,Normal,Normal,Normal,
10073,26-12-2025 00:00,Plant C,Line 1,Widget C,Night,M-09,OP-106,B1072,539,6,Scratch,107,31.3,78.9,6.21,3.42,MB-246,Supplier Z,Pass,Normal,Normal,Normal,
10069,25-03-2025 00:00,Plant B,Line 3,Widget A,Evening,M-11,OP-101,B1057,1298,20,Color Defect,128,48.6,78.9,5.48,2.48,MB-223,Supplier W,Pass,Normal,Normal,Normal,
10849,14-08-2025 00:00,Plant C,Line 2,Widget C,Morning,M-05,OP-147,B1074,996,5,Assembly Error,18,46,78.9,6.56,2.03,MB-216,Supplier X,Pass,Normal,Normal,Normal,
11111,30-11-2025 00:00,Plant C,Line 1,Widget B,Evening,M-01,OP-116,B1179,1246,17,Assembly Error,12,43.7,78.9,5.22,1.67,MB-224,Supplier Y,Pass,Normal,Normal,Normal,
11369,14-03-2025 00:00,Plant C,Line 1,Widget A,Evening,M-02,OP-131,B1016,476,2,Assembly Error,138,45.9,78.9,4.62,3.13,MB-230,Supplier Z,Pass,Normal,Normal,Normal,
10952,17-10-2025 00:00,Plant C,Line 3,Widget B,Night,M-11,OP-105,B1029,699,69,Scratch,136,47.4,78.9,6,3.35,MB-243,Supplier W,Review,Normal,Normal,Normal,
10423,10-06-2025 00:00,Plant A,Line 4,Widget D,Morning,M-07,OP-126,B1086,570,2,Assembly Error,86,38,78.8,5.8,2.05,MB-202,Supplier W,Pass,Normal,Normal,Normal,
10901,08-08-2025 00:00,Plant C,Line 2,Widget C,Night,M-04,OP-114,B1068,925,11,Dent,93,34.5,78.8,4.73,4.02,MB-217,Supplier X,Pass,Normal,Normal,Normal,
10561,30-09-2025 00:00,Plant A,Line 2,Widget D,Evening,M-09,OP-137,B1188,1409,18,Color Defect,108,49.8,78.8,5.53,2.61,MB-218,Supplier W,Pass,Normal,Normal,Normal,
11157,24-03-2025 00:00,Plant B,Line 2,Widget A,Morning,M-07,Unknown,B1088,986,7,Dent,19,38.9,78.8,6.45,1.89,MB-247,Supplier X,Pass,Normal,Normal,Normal,
11367,30-04-2025 00:00,Plant C,Line 3,Widget A,Morning,M-08,OP-142,B1091,848,12,Assembly Error,9,35.2,78.8,5.92,5.44,MB-244,Supplier Z,Pass,Normal,Normal,Normal,
10872,03-10-2025 00:00,Plant A,Line 3,Widget B,Morning,M-04,OP-105,B1063,848,8,Scratch,11,58.6,78.8,3.85,2.02,MB-245,Supplier W,Pass,Normal,Normal,Normal,
10290,09-10-2025 00:00,Plant B,Line 4,Widget D,Morning,M-08,OP-109,B1031,1420,17,Color Defect,19,44.3,78.7,5.4,3.69,MB-245,Supplier Y,Pass,Normal,Normal,Normal,
10216,24-06-2025 00:00,Plant A,Line 1,Widget B,Morning,M-01,OP-138,B1080,1143,38,Assembly Error,82,42.9,78.7,4.96,2.51,MB-214,Supplier Y,Review,Normal,Normal,Normal,
10447,20-03-2025 00:00,Plant B,Line 1,Widget C,Morning,M-06,OP-115,B1023,1072,3,Dimension Error,155,55.7,78.7,4.84,2.39,MB-243,Supplier X,Pass,Normal,Normal,Normal,
10924,10-05-2025 00:00,Plant C,Line 3,Widget D,Night,M-11,OP-110,B1016,848,11,Assembly Error,102,32.7,78.7,5.54,4.32,MB-227,Supplier Y,Pass,Normal,Normal,Normal,
10891,28-06-2025 00:00,Plant B,Line 4,Widget B,Night,M-01,OP-120,B1003,699,9,Dent,112,39.5,78.7,5.07,2.74,MB-211,Supplier Y,Pass,Normal,Normal,Normal,
10175,25-06-2025 00:00,Plant B,Line 1,Widget B,Morning,M-06,OP-150,B1162,532,8,Assembly Error,89,41.1,78.6,4.85,1.03,MB-208,Supplier Z,Pass,Normal,Normal,Normal,
11308,21-12-2025 00:00,Plant B,Line 3,Widget D,Morning,M-01,OP-137,B1071,783,11,Scratch,151,41.8,78.6,4.52,1.75,MB-245,Supplier W,Pass,Normal,Normal,Normal,
11403,22-05-2025 00:00,Plant B,Line 4,Widget A,Night,M-05,OP-109,B1171,698,6,Assembly Error,131,42.5,78.6,6.15,1.8,MB-204,Supplier W,Pass,Normal,Normal,Normal,
10269,07-09-2025 00:00,Plant B,Line 2,Widget D,Night,M-08,OP-118,B1105,744,9,Assembly Error,11,36.3,78.6,5.38,2.82,MB-249,Supplier Z,Pass,Normal,Normal,Normal,
10497,13-07-2025 00:00,Plant B,Line 1,Widget C,Evening,M-09,OP-132,B1148,694,2,Scratch,14,41.6,78.6,4.35,2.74,MB-236,Supplier Z,Pass,Normal,Normal,Normal,
10757,04-03-2025 00:00,Plant A,Line 1,Widget C,Evening,M-09,OP-149,B1133,512,11,Color Defect,86,34.8,78.5,4.79,2.81,MB-231,Supplier Y,Pass,Normal,Normal,Normal,
10169,27-05-2025 00:00,Plant C,Line 3,Widget B,Night,M-04,OP-144,B1150,788,6,Assembly Error,6,44.6,78.5,4.68,3.65,MB-202,Supplier Y,Pass,Normal,Normal,Normal,
11492,20-08-2025 00:00,Plant C,Line 4,Widget A,Morning,M-02,OP-141,B1067,1420,36,Dent,82,36.7,78.5,5,3.46,MB-241,Supplier Y,Pass,Normal,Normal,Normal,
10054,27-01-2025 00:00,Plant A,Line 3,Widget B,Evening,M-02,OP-112,B1052,1490,11,Assembly Error,142,40.9,78.5,5.51,0.19,MB-201,Supplier W,Pass,Normal,Normal,Normal,
11426,03-12-2025 00:00,Plant B,Line 2,Widget B,Evening,M-10,OP-110,B1040,885,27,Assembly Error,67,41,78.5,5,2.89,MB-231,Supplier Y,Review,Normal,Normal,Normal,
10705,23-02-2025 00:00,Plant B,Line 3,Widget A,Evening,M-11,OP-127,B1093,1208,10,Dent,87,37,78.4,5.72,3.12,MB-227,Supplier Y,Pass,Normal,Normal,Normal,
10475,13-02-2025 00:00,Plant B,Line 1,Widget B,Night,M-01,OP-116,B1081,656,4,Color Defect,139,43.9,78.4,5.5,3.03,MB-214,Supplier X,Pass,Normal,Normal,Normal,
11210,05-12-2025 00:00,Plant C,Line 1,Widget C,Evening,M-03,OP-132,B1155,635,5,Color Defect,141,45.3,78.3,5.35,4.25,MB-248,Supplier X,Pass,Normal,Normal,Normal,
10234,15-10-2025 00:00,Plant C,Line 4,Widget A,Night,M-12,OP-134,B1004,1159,13,Assembly Error,113,44,78.3,4.39,1.63,MB-242,Supplier X,Pass,Normal,Normal,Normal,
10348,11-04-2025 00:00,Plant A,Line 2,Widget B,Morning,M-03,OP-149,B1080,1267,15,Scratch,47,29.1,78.3,5.25,4.77,MB-231,Supplier Z,Pass,Normal,Normal,Normal,
10252,14-12-2025 00:00,Plant C,Line 1,Widget C,Evening,M-04,OP-149,B1036,1336,21,Dimension Error,158,44.1,78.3,6.77,2.3,MB-222,Supplier W,Pass,Normal,Normal,Normal,
10801,22-10-2025 00:00,Plant A,Line 1,Widget A,Evening,M-02,OP-124,B1078,1328,46,Unknown,145,37,78.3,5.77,3.65,MB-209,Supplier X,Review,Normal,Normal,Normal,
11246,16-04-2025 00:00,Plant B,Line 2,Widget D,Morning,M-01,OP-133,B1127,470,4,Color Defect,65,39.9,78.2,5.58,3.66,MB-240,Supplier W,Pass,Normal,Normal,Normal,
10586,30-04-2025 00:00,Plant B,Line 1,Widget C,Night,M-02,OP-112,B1086,545,4,Scratch,113,39.5,78.2,4.39,1.78,MB-228,Supplier Y,Pass,Normal,Normal,Normal,
10833,10-02-2025 00:00,Plant B,Line 3,Widget B,Evening,M-05,OP-114,B1040,644,16,Dent,96,38.6,78.2,4.39,3.02,MB-228,Supplier Y,Pass,Normal,Normal,Normal,
10521,08-05-2025 00:00,Plant C,Line 3,Widget D,Morning,M-10,OP-114,B1049,809,3,Scratch,158,49.9,78.2,4.13,3.76,MB-235,Supplier Y,Pass,Normal,Normal,Normal,
11349,28-06-2025 00:00,Plant A,Line 3,Widget A,Evening,M-10,OP-126,B1167,673,35,Color Defect,7,35,78.1,5.55,2.41,MB-220,Supplier Y,Review,Normal,Normal,Normal,
11164,15-07-2025 00:00,Plant B,Line 3,Widget B,Morning,M-03,OP-122,B1155,1225,7,Assembly Error,154,36.4,78.1,5.2,3.19,MB-212,Supplier Z,Pass,Normal,Normal,Normal,
10308,21-12-2025 00:00,Plant A,Line 1,Widget B,Morning,M-04,OP-102,B1051,910,12,Scratch,96,49.3,78.1,5.95,2.15,MB-234,Supplier W,Pass,Normal,Normal,Normal,
10945,02-12-2025 00:00,Plant B,Line 4,Widget C,Evening,M-04,OP-132,B1061,534,7,Dimension Error,111,45.5,78.1,5.4,1.68,MB-236,Supplier Z,Pass,Normal,Normal,Normal,
10092,25-05-2025 00:00,Plant C,Line 4,Widget B,Morning,M-12,OP-140,B1117,736,9,Dimension Error,9,48.1,78.1,5.82,1.53,MB-219,Supplier Y,Pass,Normal,Normal,Normal,
10727,18-03-2025 00:00,Plant C,Line 1,Widget D,Morning,M-05,OP-144,B1107,1370,16,Dimension Error,139,39.9,78.1,4.86,1.15,MB-202,Supplier Y,Pass,Normal,Normal,Normal,
10473,14-05-2025 00:00,Plant C,Line 1,Widget A,Morning,M-12,OP-138,B1186,887,13,Dimension Error,133,47.1,78.1,4.46,2.25,MB-240,Supplier Z,Pass,Normal,Normal,Normal,
10745,12-07-2025 00:00,Plant B,Line 2,Widget B,Night,M-03,OP-126,B1057,1350,17,Crack,129,40.5,78,4.81,3.78,MB-209,Supplier X,Pass,Normal,Normal,Normal,
11472,10-07-2025 00:00,Plant C,Line 4,Widget B,Morning,M-02,OP-110,B1110,531,2,Crack,110,49,78,6.5,1.63,MB-222,Supplier Y,Pass,Normal,Normal,Normal,
10940,25-10-2025 00:00,Plant C,Line 3,Widget B,Evening,M-07,OP-143,B1140,1582,16,Color Defect,51,37.7,78,6.29,2.02,MB-222,Supplier Z,Pass,Normal,Normal,Normal,
10845,14-09-2025 00:00,Plant B,Line 1,Widget B,Morning,M-08,OP-105,B1091,1124,9,Dent,22,46.4,78,5.1,4.92,MB-232,Supplier X,Pass,Normal,Normal,Normal,
10285,10-01-2025 00:00,Plant A,Line 4,Widget D,Morning,M-10,OP-112,B1013,1344,7,Dimension Error,90,28.2,78,3.55,2.83,MB-237,Supplier Y,Pass,Normal,Normal,Normal,
10541,05-03-2025 00:00,Plant A,Line 2,Widget C,Morning,M-07,OP-110,B1066,1236,12,Crack,7,43.3,78,5.66,3.46,MB-223,Supplier X,Pass,Normal,Normal,Normal,
11242,13-10-2025 00:00,Plant C,Line 3,Widget D,Evening,M-05,OP-113,B1105,1047,13,Scratch,105,41.3,78,5.31,2.74,MB-237,Supplier X,Pass,Normal,Normal,Normal,
10977,11-02-2025 00:00,Plant B,Line 3,Widget A,Evening,M-04,OP-144,B1129,1367,9,Scratch,11,37.1,77.9,5.65,3.23,MB-220,Supplier W,Pass,Normal,Normal,Normal,
11139,14-11-2025 00:00,Plant B,Line 4,Widget D,Night,M-11,OP-119,B1119,774,5,Dent,39,43.8,77.9,4.63,2.04,MB-226,Supplier X,Pass,Normal,Normal,Normal,
10006,28-06-2025 00:00,Plant C,Line 4,Widget C,Evening,M-04,OP-130,B1150,1216,6,Dimension Error,147,36.5,77.9,5.03,2.33,MB-221,Supplier W,Pass,Normal,Normal,Normal,
10843,27-08-2025 00:00,Plant B,Line 2,Widget D,Evening,M-11,OP-105,B1008,1017,13,Scratch,73,43.3,77.9,4.83,4.13,MB-223,Supplier Z,Pass,Normal,Normal,Normal,
10634,16-05-2025 00:00,Plant C,Line 2,Widget A,Night,M-08,OP-131,B1100,1347,15,Scratch,20,45.5,77.9,4.53,3.21,MB-226,Supplier X,Pass,Normal,Normal,Normal,
11473,15-05-2025 00:00,Plant B,Line 4,Widget A,Evening,M-11,OP-150,B1117,658,2,Scratch,120,38.8,77.9,4.85,2.92,MB-250,Supplier Y,Pass,Normal,Normal,Normal,
10190,12-12-2025 00:00,Plant C,Line 2,Widget B,Night,M-06,OP-147,B1194,749,9,Crack,170,36.3,77.9,6.24,2.93,MB-220,Supplier Y,Pass,Normal,Normal,Normal,
11127,20-07-2025 00:00,Plant A,Line 4,Widget D,Evening,M-05,OP-116,B1178,1037,88,Crack,20,47.8,77.9,5.09,3.67,MB-236,Supplier W,Review,Normal,Normal,Normal,
10615,02-07-2025 00:00,Plant B,Line 2,Widget C,Morning,M-11,OP-119,B1163,1088,27,Assembly Error,100,39.6,77.8,4.38,3.73,MB-208,Supplier X,Pass,Normal,Normal,Normal,
11415,21-08-2025 00:00,Plant C,Line 1,Widget A,Morning,M-10,OP-148,B1086,838,5,Assembly Error,42,50.8,77.8,5.11,0.57,MB-212,Supplier Y,Pass,Normal,Normal,Normal,
11353,13-04-2025 00:00,Plant C,Line 1,Widget B,Evening,M-11,Unknown,B1011,1164,16,Assembly Error,55,51.2,77.8,5.02,1,MB-250,Supplier Y,Pass,Normal,Normal,Normal,
10519,11-01-2025 00:00,Plant B,Line 4,Widget D,Morning,M-09,OP-142,B1002,645,14,Dimension Error,7,36.6,77.8,5.5,1.65,MB-231,Supplier W,Pass,Normal,Normal,Normal,
10310,11-03-2025 00:00,Plant A,Line 3,Widget D,Evening,M-02,OP-150,B1152,1589,14,Dent,144,44.8,77.7,5.2,2.44,MB-201,Supplier W,Pass,Normal,Normal,Normal,
11024,30-12-2025 00:00,Plant A,Line 1,Widget D,Morning,M-02,OP-129,B1166,776,3,Scratch,61,37.3,77.7,5.5,1.39,MB-229,Supplier W,Pass,Normal,Normal,Normal,
10865,11-02-2025 00:00,Plant B,Line 4,Widget B,Night,M-01,OP-150,B1029,1119,3,Assembly Error,43,42.7,77.7,4.67,2.99,MB-235,Supplier Y,Pass,Normal,Normal,Normal,
10512,02-01-2025 00:00,Plant A,Line 1,Widget A,Evening,M-09,OP-145,B1059,901,11,Assembly Error,97,37.7,77.7,5.3,2.32,MB-223,Supplier Y,Pass,Normal,Normal,Normal,
11438,17-10-2025 00:00,Plant C,Line 1,Widget D,Evening,M-02,OP-114,B1105,746,9,Assembly Error,50,37.3,77.7,5.16,1.78,MB-228,Supplier W,Pass,Normal,Normal,Normal,
11074,22-03-2025 00:00,Plant C,Line 1,Widget C,Evening,M-02,OP-133,B1115,1492,13,Dent,110,42.6,77.6,6.44,3.65,MB-247,Supplier Y,Pass,Normal,Normal,Normal,
10650,19-10-2025 00:00,Plant C,Line 4,Widget D,Evening,M-06,OP-108,B1014,1128,13,Color Defect,117,46.1,77.6,18,2.29,MB-229,Supplier Z,Pass,Normal,Investigate,Normal,
10592,22-12-2025 00:00,Plant C,Line 3,Widget B,Night,M-12,OP-131,B1095,788,3,Crack,152,42.2,77.6,5.21,2.94,MB-214,Supplier X,Pass,Normal,Normal,Normal,
10679,27-06-2025 00:00,Plant A,Line 2,Widget D,Evening,M-10,OP-114,B1045,1441,48,Scratch,127,39.4,77.6,4.93,3.15,MB-238,Supplier W,Review,Normal,Normal,Normal,
10520,26-05-2025 00:00,Plant C,Line 4,Widget A,Evening,M-05,OP-114,B1090,1116,12,Assembly Error,64,32.7,77.6,6.02,1.98,MB-250,Supplier Y,Pass,Normal,Normal,Normal,
10262,08-07-2025 00:00,Plant B,Line 3,Widget B,Morning,M-06,OP-139,B1058,780,14,Assembly Error,76,39.3,77.5,5.7,3.45,MB-244,Supplier X,Pass,Normal,Normal,Normal,
10452,22-08-2025 00:00,Plant B,Line 3,Widget C,Morning,M-10,OP-129,B1104,577,7,Color Defect,56,36.3,77.5,3.95,4.36,MB-228,Supplier X,Pass,Normal,Normal,Normal,
10468,04-03-2025 00:00,Plant C,Line 4,Widget C,Morning,M-08,OP-108,B1008,595,9,Dent,114,35.5,77.5,6.17,3.92,MB-220,Supplier W,Pass,Normal,Normal,Normal,
10508,19-01-2025 00:00,Plant A,Line 1,Widget D,Evening,M-02,OP-116,B1080,1535,23,Assembly Error,154,36.1,77.5,4.85,1.87,MB-221,Supplier Y,Pass,Normal,Normal,Normal,
10161,20-11-2025 00:00,Plant A,Line 2,Widget A,Morning,M-04,OP-123,B1009,1167,12,Dent,63,39.2,77.5,5.28,3.44,MB-210,Supplier W,Pass,Normal,Normal,Normal,
10987,05-01-2025 00:00,Plant B,Line 4,Widget C,Evening,M-08,OP-147,B1059,598,2,Scratch,7,46.7,77.4,4.46,3.01,MB-234,Supplier Y,Pass,Normal,Normal,Normal,
10354,21-04-2025 00:00,Plant B,Line 4,Widget C,Night,M-03,OP-132,B1154,674,9,Scratch,5,35.6,77.4,6.05,3.02,MB-207,Supplier X,Pass,Normal,Normal,Normal,
10267,28-05-2025 00:00,Plant C,Line 1,Widget A,Morning,M-05,OP-142,B1184,1046,35,Color Defect,70,45.4,77.4,5.32,2.48,MB-200,Supplier Z,Review,Normal,Normal,Normal,
10744,16-12-2025 00:00,Plant B,Line 4,Widget D,Morning,M-08,OP-126,B1130,1063,90,Assembly Error,27,43.1,77.4,4.82,1.64,MB-225,Supplier W,Review,Normal,Normal,Normal,
10397,17-08-2025 00:00,Plant C,Line 4,Widget A,Night,M-09,OP-111,B1063,597,16,Assembly Error,130,49.2,77.4,4.89,3.15,MB-207,Supplier X,Pass,Normal,Normal,Normal,
10686,02-12-2025 00:00,Plant A,Line 1,Widget D,Night,M-08,OP-106,B1128,743,25,Assembly Error,171,49.9,77.4,5.35,4.47,MB-231,Supplier X,Review,Normal,Normal,Normal,
11278,09-06-2025 00:00,Plant C,Line 3,Widget C,Night,M-02,OP-149,B1055,1280,5,Dimension Error,141,42.4,77.3,3.41,4.5,MB-223,Supplier W,Pass,Normal,Normal,Normal,
11202,28-03-2025 00:00,Plant C,Line 2,Widget A,Evening,M-01,OP-120,B1156,1234,16,Color Defect,133,45.1,77.3,5.05,3.4,MB-234,Supplier Z,Pass,Normal,Normal,Normal,
10012,09-04-2025 00:00,Plant A,Line 1,Widget B,Morning,M-02,OP-102,B1053,1036,15,Assembly Error,167,33.7,77.3,4.42,3.67,MB-220,Supplier W,Pass,Normal,Normal,Normal,
10338,07-12-2025 00:00,Plant A,Line 4,Widget C,Night,M-04,OP-150,B1024,1066,2,Dimension Error,134,36.9,77.3,5.99,2.2,MB-200,Supplier Z,Pass,Normal,Normal,Normal,
10388,14-02-2025 00:00,Plant A,Line 4,Widget C,Evening,M-09,OP-103,B1028,779,21,Assembly Error,22,45.5,77.3,4.4,2.75,MB-239,Supplier Y,Pass,Normal,Normal,Normal,
10809,02-03-2025 00:00,Plant C,Line 2,Widget D,Morning,M-08,OP-148,B1065,976,17,Dimension Error,171,40.4,77.2,4.84,4.69,MB-249,Supplier Z,Pass,Normal,Normal,Normal,
10183,17-05-2025 00:00,Plant C,Line 1,Widget B,Night,M-03,OP-110,B1167,696,15,Crack,179,36.7,77.2,5.2,0.65,MB-200,Supplier Y,Pass,Normal,Normal,Normal,
10736,07-03-2025 00:00,Plant C,Line 1,Widget C,Morning,M-07,OP-118,B1145,1061,11,Crack,156,35.4,77.2,4.39,3.39,MB-229,Supplier Y,Pass,Normal,Normal,Normal,
10418,16-11-2025 00:00,Plant C,Line 1,Widget D,Morning,M-05,OP-104,B1078,501,5,Dent,21,44.4,77.2,4.72,2.21,MB-230,Supplier Z,Pass,Normal,Normal,Normal,
10649,27-02-2025 00:00,Plant C,Line 3,Widget A,Morning,M-07,OP-103,B1157,1310,39,Assembly Error,39,29.7,77.2,6.38,1.66,MB-225,Supplier Z,Pass,Normal,Normal,Normal,
10892,28-10-2025 00:00,Plant A,Line 4,Widget A,Night,M-07,OP-101,B1122,503,4,Scratch,120,36.6,77.2,4.34,4.27,MB-245,Supplier X,Pass,Normal,Normal,Normal,
10467,08-05-2025 00:00,Plant B,Line 3,Widget A,Morning,M-12,OP-122,B1037,1129,13,Assembly Error,23,47.2,77.2,5.24,2.81,MB-225,Supplier X,Pass,Normal,Normal,Normal,
10148,17-04-2025 00:00,Plant C,Line 1,Widget C,Night,M-04,OP-136,B1081,839,4,Scratch,147,41.2,77.1,5.68,2.61,MB-250,Supplier X,Pass,Normal,Normal,Normal,
10554,13-04-2025 00:00,Plant A,Line 1,Widget B,Morning,M-07,OP-113,B1140,1415,10,Dent,44,37.1,77.1,5.7,4.63,MB-221,Supplier Y,Pass,Normal,Normal,Normal,
11463,12-04-2025 00:00,Plant A,Line 2,Widget B,Evening,M-11,OP-133,B1100,865,13,Color Defect,5,26.8,77.1,5.56,2.08,MB-203,Supplier X,Pass,Normal,Normal,Normal,
10030,07-11-2025 00:00,Plant B,Line 4,Widget A,Evening,M-05,OP-138,B1002,1276,17,Unknown,27,38.8,77,4.35,2.64,MB-250,Supplier X,Pass,Normal,Normal,Normal,
11261,28-05-2025 00:00,Plant B,Line 3,Widget D,Morning,M-03,OP-147,B1045,1433,13,Crack,91,30.9,77,5.34,3.37,MB-208,Supplier W,Pass,Normal,Normal,Normal,
10193,06-07-2025 00:00,Plant A,Line 3,Widget B,Evening,M-12,OP-148,B1034,814,7,Crack,90,51.3,77,6.06,5.02,MB-215,Supplier X,Pass,Normal,Normal,Normal,
10610,10-01-2025 00:00,Plant A,Line 1,Widget C,Evening,M-12,OP-135,B1197,1553,155,Dent,146,40.7,77,5.04,2,MB-215,Supplier W,Review,Normal,Normal,Normal,
10532,13-03-2025 00:00,Plant B,Line 1,Widget C,Morning,M-11,OP-116,B1132,970,32,Assembly Error,11,39.5,77,5.86,1.14,MB-212,Supplier W,Review,Normal,Normal,Normal,
10790,19-02-2025 00:00,Plant C,Line 4,Widget D,Evening,M-03,OP-111,B1011,1029,20,Scratch,145,44.2,77,4.48,3.92,MB-247,Supplier Y,Pass,Normal,Normal,Normal,
10828,21-05-2025 00:00,Plant B,Line 4,Widget C,Morning,M-04,OP-139,B1100,890,57,Crack,146,41.1,76.9,5.59,3.91,MB-216,Supplier Z,Review,Normal,Normal,Normal,
10181,19-04-2025 00:00,Plant C,Line 3,Widget B,Evening,M-05,OP-142,B1086,763,11,Crack,80,44.9,76.9,6.85,1.56,MB-228,Supplier Z,Pass,Normal,Normal,Normal,
10022,16-03-2025 00:00,Plant A,Line 4,Widget D,Morning,M-09,OP-136,B1137,1471,19,Color Defect,105,47.2,76.9,5.18,2.93,MB-217,Supplier X,Pass,Normal,Normal,Normal,
10122,03-11-2025 00:00,Plant C,Line 2,Widget B,Evening,M-07,OP-148,B1127,605,8,Scratch,154,47.6,76.9,4.82,3.53,MB-232,Supplier W,Pass,Normal,Normal,Normal,
10248,30-11-2025 00:00,Plant A,Line 1,Widget A,Night,M-07,OP-138,B1168,900,26,Dimension Error,26,56.7,76.8,4.81,3.7,MB-224,Supplier Y,Pass,Normal,Normal,Normal,
11044,07-11-2025 00:00,Plant A,Line 4,Widget B,Evening,M-08,OP-140,B1018,1220,10,Dent,144,36.8,76.8,4.83,2.13,MB-215,Supplier X,Pass,Normal,Normal,Normal,
11392,05-04-2025 00:00,Plant B,Line 1,Widget B,Morning,M-04,OP-101,B1062,507,18,Assembly Error,24,38.6,76.8,5.04,4.26,MB-204,Supplier Y,Review,Normal,Normal,Normal,
11023,18-10-2025 00:00,Plant A,Line 1,Widget A,Evening,M-04,OP-117,B1075,997,3,Scratch,54,49.5,76.8,4.72,2.26,MB-230,Supplier X,Pass,Normal,Normal,Normal,
11061,05-05-2025 00:00,Plant B,Line 3,Widget A,Evening,M-09,OP-126,B1162,1056,11,Dimension Error,61,45.7,76.8,3.87,2.9,MB-200,Supplier Y,Pass,Normal,Normal,Normal,
10151,01-10-2025 00:00,Plant C,Line 4,Widget B,Evening,M-05,OP-128,B1053,1573,17,Dimension Error,69,39.7,76.8,4.76,2.62,MB-209,Unknown,Pass,Normal,Normal,Normal,
10045,29-10-2025 00:00,Plant C,Line 4,Widget B,Evening,M-02,OP-125,B1110,460,7,Dent,108,54.5,76.7,5.37,3.29,MB-241,Supplier X,Pass,Normal,Normal,Normal,
11496,25-03-2025 00:00,Plant B,Line 2,Widget D,Night,M-12,OP-129,B1016,1560,10,Scratch,22,42.8,76.7,5.43,2.25,MB-202,Supplier Z,Pass,Normal,Normal,Normal,
10918,21-02-2025 00:00,Plant A,Line 2,Widget C,Morning,M-01,OP-122,B1156,770,45,Dent,167,42.1,76.7,3.76,3.9,MB-237,Supplier Z,Review,Normal,Normal,Normal,
11290,14-05-2025 00:00,Plant A,Line 1,Widget A,Morning,M-02,OP-121,B1056,1171,20,Dent,80,30.9,76.7,5.2,3.25,MB-203,Supplier X,Pass,Normal,Normal,Normal,
10664,01-12-2025 00:00,Plant C,Line 1,Widget D,Morning,M-03,OP-120,B1014,495,2,Assembly Error,103,40.7,76.7,5.69,2.85,MB-214,Supplier Y,Pass,Normal,Normal,Normal,
11488,20-04-2025 00:00,Plant C,Line 2,Widget A,Evening,M-07,OP-116,B1021,1321,10,Assembly Error,170,41,76.7,4.71,4.53,MB-240,Supplier W,Pass,Normal,Normal,Normal,
10722,28-09-2025 00:00,Plant C,Line 3,Widget B,Evening,M-07,OP-118,B1149,700,5,Assembly Error,65,42.2,76.6,5.63,0.09,MB-207,Supplier X,Pass,Normal,Normal,Normal,
10221,06-04-2025 00:00,Plant C,Line 4,Widget A,Evening,M-05,OP-132,B1197,1479,9,Scratch,39,41.1,76.6,4.63,3.74,MB-241,Supplier Z,Pass,Normal,Normal,Normal,
10247,03-05-2025 00:00,Plant C,Line 3,Widget C,Evening,M-03,OP-106,B1139,1526,13,Color Defect,115,39.6,76.6,5.11,1.27,MB-250,Supplier X,Pass,Normal,Normal,Normal,
10932,02-05-2025 00:00,Plant A,Line 3,Widget C,Evening,M-06,OP-103,B1079,604,5,Unknown,63,33.4,76.5,5.1,1.3,MB-223,Supplier Y,Pass,Normal,Normal,Normal,
10635,03-02-2025 00:00,Plant C,Line 3,Widget C,Morning,M-06,OP-135,B1128,1283,17,Dent,116,44.3,76.5,5.39,1.47,MB-207,Supplier Y,Pass,Normal,Normal,Normal,
10539,21-05-2025 00:00,Plant A,Line 4,Widget C,Night,M-06,OP-134,B1060,1319,7,Crack,173,46.5,76.5,4.04,2.76,MB-207,Supplier X,Pass,Normal,Normal,Normal,
11464,12-10-2025 00:00,Plant A,Line 4,Widget C,Evening,M-10,OP-150,B1028,1347,89,Crack,143,44.2,76.5,5.63,3.38,MB-233,Supplier Z,Review,Normal,Normal,Normal,
11001,29-03-2025 00:00,Plant B,Line 1,Widget C,Evening,M-01,OP-133,B1059,651,21,Scratch,50,39,76.5,4.75,3.54,MB-247,Supplier W,Review,Normal,Normal,Normal,
10446,06-04-2025 00:00,Plant A,Line 1,Widget B,Morning,M-11,OP-129,B1101,684,7,Scratch,75,36,76.5,5.73,2.31,MB-226,Supplier X,Pass,Normal,Normal,Normal,
10194,15-03-2025 00:00,Plant A,Line 3,Widget A,Morning,M-03,OP-123,B1151,1598,47,Crack,143,40.6,76.5,4.02,2.96,MB-250,Supplier X,Pass,Normal,Normal,Normal,
10819,14-10-2025 00:00,Plant C,Line 2,Widget B,Evening,M-08,OP-148,B1105,1321,5,Crack,102,38.8,76.4,4.96,3.51,MB-234,Supplier W,Pass,Normal,Normal,Normal,
10320,06-03-2025 00:00,Plant A,Line 1,Widget C,Night,M-04,Unknown,B1104,955,10,Dimension Error,7,36.1,76.4,5.17,1.05,MB-225,Supplier X,Pass,Normal,Normal,Normal,
10086,07-06-2025 00:00,Plant B,Line 2,Widget A,Night,M-10,OP-125,B1093,943,6,Dimension Error,11,35.2,76.4,6.68,3.04,MB-248,Supplier Y,Pass,Normal,Normal,Normal,
10085,21-01-2025 00:00,Plant C,Line 3,Widget C,Night,M-05,OP-115,B1024,1232,9,Crack,40,40.7,76.4,5.17,1.75,MB-247,Supplier X,Pass,Normal,Normal,Normal,
11310,06-07-2025 00:00,Plant C,Line 3,Widget D,Morning,M-01,OP-136,B1161,1064,10,Scratch,36,45.6,76.4,4.42,2.66,MB-244,Supplier Y,Pass,Normal,Normal,Normal,
10359,23-05-2025 00:00,Plant C,Line 4,Widget C,Morning,M-10,OP-112,B1100,1113,15,Dimension Error,27,47.1,76.3,5.77,5.43,MB-224,Supplier Z,Pass,Normal,Normal,Normal,
10842,02-02-2025 00:00,Plant C,Line 3,Widget D,Night,M-12,OP-115,B1119,1279,6,Scratch,101,47.8,76.3,5.8,3.08,MB-245,Supplier Z,Pass,Normal,Normal,Normal,
10009,22-07-2025 00:00,Plant C,Line 1,Widget C,Night,M-05,OP-134,B1197,834,58,Dimension Error,143,45.6,76.3,5.22,1.48,MB-215,Supplier X,Review,Normal,Normal,Normal,
10403,12-06-2025 00:00,Plant C,Line 4,Widget D,Morning,M-05,OP-133,B1031,1147,16,Scratch,87,39.8,76.3,5.26,4.25,MB-214,Supplier Y,Pass,Normal,Normal,Normal,
10414,12-02-2025 00:00,Plant C,Line 3,Widget A,Evening,M-03,OP-104,B1079,832,6,Color Defect,84,35.3,76.2,5.99,3.94,MB-227,Supplier X,Pass,Normal,Normal,Normal,
10480,20-10-2025 00:00,Plant A,Line 2,Widget C,Morning,M-04,OP-120,B1033,598,6,Scratch,80,49.3,76.2,3.84,3.88,MB-215,Unknown,Pass,Normal,Normal,Normal,
10788,02-02-2025 00:00,Plant C,Line 3,Widget B,Night,M-05,OP-125,B1016,984,11,Scratch,60,42.1,76.2,6.5,2.62,MB-249,Supplier W,Pass,Normal,Normal,Normal,
10550,30-09-2025 00:00,Plant A,Line 1,Widget D,Evening,M-02,OP-132,B1044,797,3,Scratch,13,61,76.2,5.37,3.48,MB-234,Supplier W,Pass,Normal,Normal,Normal,
10335,27-07-2025 00:00,Plant B,Line 1,Widget D,Evening,M-03,OP-102,B1151,478,2,Crack,70,48.7,76.2,5.05,2.58,MB-213,Supplier W,Pass,Normal,Normal,Normal,
10303,11-11-2025 00:00,Plant B,Line 3,Widget D,Evening,M-11,OP-128,B1017,1549,17,Crack,171,39.5,76.2,5.82,2.7,MB-233,Supplier Z,Pass,Normal,Normal,Normal,
11211,10-09-2025 00:00,Plant C,Line 4,Widget C,Morning,M-10,OP-129,B1047,1590,19,Color Defect,36,35.1,76.2,4.98,2.05,MB-216,Supplier Z,Pass,Normal,Normal,Normal,
10346,24-04-2025 00:00,Plant C,Line 2,Widget D,Morning,M-04,OP-104,B1049,1048,4,Color Defect,170,50.2,76.2,3.46,2.22,MB-207,Supplier X,Pass,Normal,Normal,Normal,
10188,14-11-2025 00:00,Plant C,Line 4,Widget B,Evening,M-03,OP-137,B1191,1168,3,Color Defect,48,37,76.2,5.32,2.67,MB-228,Supplier Y,Pass,Normal,Normal,Normal,
11033,15-05-2025 00:00,Plant A,Line 2,Widget B,Evening,M-10,OP-126,B1159,836,12,Color Defect,104,36.8,76.1,4.4,2.68,MB-218,Supplier W,Pass,Normal,Normal,Normal,
10515,27-11-2025 00:00,Plant A,Line 2,Widget C,Evening,M-01,OP-137,B1161,1448,13,Color Defect,150,40.6,76.1,5.19,1.13,MB-241,Supplier X,Pass,Normal,Normal,Normal,
10093,14-08-2025 00:00,Plant A,Line 2,Widget D,Morning,M-02,OP-145,B1065,855,29,Assembly Error,109,29.1,76.1,4.32,0.43,MB-203,Supplier Y,Review,Normal,Normal,Normal,
11234,27-09-2025 00:00,Plant A,Line 1,Widget B,Morning,M-04,OP-123,B1065,754,22,Dent,177,41.7,76.1,4.32,3.67,MB-244,Supplier Y,Pass,Normal,Normal,Normal,
10143,19-01-2025 00:00,Plant B,Line 4,Widget B,Night,M-07,OP-130,B1134,643,21,Crack,71,47.1,76.1,4.69,3.28,MB-239,Supplier W,Review,Normal,Normal,Normal,
10227,22-01-2025 00:00,Plant C,Line 4,Widget A,Morning,M-03,OP-138,B1069,494,27,Dimension Error,120,48.8,76.1,5.98,3.37,MB-217,Supplier X,Review,Normal,Normal,Normal,
10691,11-09-2025 00:00,Plant A,Line 1,Widget C,Morning,M-02,OP-144,B1096,1289,13,Dent,139,48.3,76.1,6.54,1.93,MB-218,Unknown,Pass,Normal,Normal,Normal,
11485,28-10-2025 00:00,Plant A,Line 4,Widget D,Evening,M-05,OP-121,B1017,1353,7,Scratch,143,34,76.1,4.13,2.48,MB-237,Supplier Z,Pass,Normal,Normal,Normal,
10603,06-09-2025 00:00,Plant B,Line 2,Widget D,Morning,M-04,OP-129,B1192,1182,12,Color Defect,149,34.4,76,4.58,4.13,MB-216,Supplier Y,Pass,Normal,Normal,Normal,
11028,13-10-2025 00:00,Plant B,Line 3,Widget A,Night,M-11,OP-124,B1146,1006,13,Color Defect,173,34.1,76,5.31,2.66,MB-244,Supplier Z,Pass,Normal,Normal,Normal,
10555,14-04-2025 00:00,Plant B,Line 2,Widget C,Night,M-08,OP-116,B1140,664,2,Scratch,35,38.3,76,6.04,1.72,MB-213,Supplier W,Pass,Normal,Normal,Normal,
10081,07-12-2025 00:00,Plant A,Line 3,Widget D,Morning,M-06,OP-105,B1085,600,1,Dent,179,48.1,76,5.32,3.2,MB-249,Supplier Y,Pass,Normal,Normal,Normal,
10358,27-02-2025 00:00,Plant A,Line 4,Widget C,Morning,M-07,OP-139,B1105,1304,74,Scratch,66,42.3,76,5.73,2.73,MB-235,Supplier X,Review,Normal,Normal,Normal,
10962,25-03-2025 00:00,Plant B,Line 2,Widget A,Morning,M-05,OP-137,B1026,529,6,Color Defect,106,42.7,76,6,3.23,MB-215,Supplier Z,Pass,Normal,Normal,Normal,
10914,12-04-2025 00:00,Plant B,Line 2,Widget D,Evening,M-11,OP-124,B1108,1083,8,Assembly Error,108,43.9,76,5.79,4.65,MB-239,Supplier X,Pass,Normal,Normal,Normal,
10041,17-05-2025 00:00,Plant B,Line 4,Widget C,Morning,M-08,OP-122,B1059,1568,22,Crack,68,46.1,76,5.2,3.5,MB-234,Supplier X,Pass,Normal,Normal,Normal,
10304,19-07-2025 00:00,Plant C,Line 3,Widget C,Evening,M-12,OP-130,B1003,1381,37,Assembly Error,171,41.6,75.9,5.43,0.6,MB-221,Supplier Z,Pass,Normal,Normal,Normal,
10661,18-04-2025 00:00,Plant A,Line 1,Widget D,Evening,M-04,OP-148,B1063,859,50,Dimension Error,34,49.7,75.9,5.1,1.33,MB-243,Supplier W,Review,Normal,Normal,Normal,
11325,05-02-2025 00:00,Plant B,Line 1,Widget D,Night,M-06,OP-133,B1152,1437,14,Scratch,63,42.9,75.9,4.77,4.66,MB-222,Supplier W,Pass,Normal,Normal,Normal,
10070,08-01-2025 00:00,Plant C,Line 3,Widget B,Evening,M-07,OP-103,B1092,941,37,Color Defect,176,50.7,75.9,4.38,2.75,MB-216,Supplier Y,Review,Normal,Normal,Normal,
10935,24-02-2025 00:00,Plant A,Line 3,Widget C,Morning,M-11,OP-121,B1065,1020,15,Scratch,140,61.6,75.9,4.21,3.52,MB-231,Supplier Y,Pass,Normal,Normal,Normal,
10773,19-02-2025 00:00,Plant B,Line 4,Widget C,Morning,M-07,OP-125,B1154,884,4,Dent,133,33.3,75.8,5.91,1.86,MB-249,Supplier Y,Pass,Normal,Normal,Normal,
10245,01-10-2025 00:00,Plant C,Line 3,Widget C,Evening,M-06,OP-137,B1185,1196,4,Assembly Error,165,39,75.8,4.1,2.5,MB-203,Supplier X,Pass,Normal,Normal,Normal,
10768,14-10-2025 00:00,Plant A,Line 3,Widget C,Night,M-05,OP-128,B1138,687,18,Color Defect,47,52.5,75.8,5.62,2.45,MB-221,Supplier X,Pass,Normal,Normal,Normal,
10536,16-04-2025 00:00,Plant C,Line 3,Widget A,Night,M-02,OP-150,B1029,824,10,Assembly Error,130,49.4,75.8,5.21,1.72,MB-204,Supplier Y,Pass,Normal,Normal,Normal,
10665,08-07-2025 00:00,Plant A,Line 1,Widget B,Night,M-01,OP-132,B1055,462,3,Scratch,156,51.3,75.8,5.95,3.96,MB-225,Supplier W,Pass,Normal,Normal,Normal,
10274,03-06-2025 00:00,Plant C,Line 3,Widget C,Morning,M-02,OP-133,B1168,1542,72,Assembly Error,173,50.3,75.8,5.04,2.22,MB-213,Supplier W,Review,Normal,Normal,Normal,
10983,23-01-2025 00:00,Plant C,Line 3,Widget B,Night,M-01,OP-150,B1185,1533,4,Dent,62,38.6,75.8,6.44,4.75,MB-214,Supplier W,Pass,Normal,Normal,Normal,
10106,10-07-2025 00:00,Plant B,Line 3,Widget C,Evening,M-07,OP-144,B1110,537,14,Crack,29,37.6,75.8,5,2.78,MB-200,Supplier W,Pass,Normal,Normal,Normal,
10432,23-09-2025 00:00,Plant A,Line 3,Widget A,Evening,M-08,OP-143,B1119,518,4,Dent,168,52.8,75.8,7.06,3.46,MB-239,Supplier Z,Pass,Normal,Normal,Normal,
10270,17-07-2025 00:00,Plant C,Line 2,Widget D,Morning,M-01,OP-149,B1023,1366,81,Crack,132,29.6,75.8,3.74,1.45,MB-221,Supplier Z,Review,Normal,Normal,Normal,
10627,27-02-2025 00:00,Plant B,Line 3,Widget A,Evening,M-12,OP-148,B1131,933,75,Assembly Error,169,33.7,75.7,6.48,3.31,MB-204,Supplier Y,Review,Normal,Normal,Normal,
10204,07-04-2025 00:00,Plant B,Line 2,Widget D,Night,M-03,OP-112,B1176,1207,115,Assembly Error,63,44.8,75.7,5.62,1.72,MB-240,Supplier Z,Review,Normal,Normal,Normal,
10712,13-11-2025 00:00,Plant C,Line 4,Widget C,Morning,M-06,OP-147,B1067,973,11,Assembly Error,26,34.5,75.7,4.63,4.77,MB-250,Supplier Y,Pass,Normal,Normal,Normal,
10478,16-09-2025 00:00,Plant C,Line 3,Widget C,Morning,M-10,OP-129,B1122,604,3,Scratch,10,40.3,75.7,5.62,1.61,MB-206,Supplier Y,Pass,Normal,Normal,Normal,
11400,25-02-2025 00:00,Plant C,Line 1,Widget D,Morning,M-09,OP-134,B1126,1275,7,Crack,153,48.2,75.7,6.22,2.67,MB-225,Supplier W,Pass,Normal,Normal,Normal,
10319,27-12-2025 00:00,Plant C,Line 2,Widget B,Morning,M-09,OP-127,B1128,1437,14,Dimension Error,91,34,75.7,6.69,4.17,MB-201,Supplier Y,Pass,Normal,Normal,Normal,
10377,16-12-2025 00:00,Plant B,Line 4,Widget B,Evening,M-08,OP-142,B1129,1388,7,Dent,85,53,75.7,4,1.79,MB-233,Supplier Y,Pass,Normal,Normal,Normal,
10008,09-06-2025 00:00,Plant A,Line 4,Widget A,Morning,M-10,OP-112,B1038,1098,9,Crack,134,36.7,75.7,5.15,3.18,MB-222,Supplier X,Pass,Normal,Normal,Normal,
11215,15-03-2025 00:00,Plant C,Line 1,Widget B,Evening,M-03,OP-146,B1048,1442,6,Dent,48,33.8,75.7,5.71,1.6,MB-214,Supplier Z,Pass,Normal,Normal,Normal,
10051,14-06-2025 00:00,Plant B,Line 1,Widget B,Morning,M-02,OP-107,B1073,1456,17,Assembly Error,11,46.8,75.7,6.29,3.85,MB-200,Supplier Z,Pass,Normal,Normal,Normal,
10400,17-12-2025 00:00,Plant B,Line 3,Widget A,Night,M-02,OP-147,B1037,1227,4,Scratch,74,42.8,75.7,5.05,2.69,MB-240,Supplier Y,Pass,Normal,Normal,Normal,
10750,01-10-2025 00:00,Plant A,Line 4,Widget B,Evening,M-01,OP-123,B1193,955,12,Scratch,97,40.8,75.7,6.87,3.23,MB-209,Supplier Y,Pass,Normal,Normal,Normal,
10752,07-09-2025 00:00,Plant A,Line 2,Widget C,Evening,M-06,OP-144,B1178,1355,10,Scratch,101,43,75.7,5.74,3.88,MB-205,Supplier X,Pass,Normal,Normal,Normal,
11198,22-02-2025 00:00,Plant A,Line 4,Widget D,Evening,M-08,OP-147,B1084,751,3,Assembly Error,163,42.9,75.6,4.73,1.99,MB-228,Supplier Y,Pass,Normal,Normal,Normal,
11014,09-08-2025 00:00,Plant B,Line 2,Widget D,Evening,M-10,OP-130,B1075,1347,7,Dimension Error,23,48.2,75.6,5.58,3.31,MB-239,Supplier Z,Pass,Normal,Normal,Normal,
10870,15-11-2025 00:00,Plant C,Line 1,Widget C,Evening,M-03,OP-103,B1045,1592,13,Color Defect,98,48.6,75.6,4.71,4.27,MB-210,Supplier X,Pass,Normal,Normal,Normal,
10435,17-02-2025 00:00,Plant C,Line 3,Widget A,Night,M-11,OP-108,B1085,1597,24,Assembly Error,72,41.2,75.6,5.87,2.41,MB-220,Supplier Y,Pass,Normal,Normal,Normal,
10419,08-07-2025 00:00,Plant A,Line 2,Widget B,Morning,M-02,OP-127,B1160,941,12,Dimension Error,154,46,75.6,4.68,3.36,MB-236,Supplier Z,Pass,Normal,Normal,Normal,
10392,28-07-2025 00:00,Plant C,Line 4,Widget D,Morning,M-12,OP-120,B1015,801,5,Dent,82,55.7,75.6,5.27,2.84,MB-250,Supplier Y,Pass,Normal,Normal,Normal,
10713,28-10-2025 00:00,Plant B,Line 4,Widget C,Evening,M-11,OP-142,B1135,1451,13,Assembly Error,165,37.1,75.5,5.09,2.99,MB-239,Supplier Z,Pass,Normal,Normal,Normal,
11036,12-10-2025 00:00,Plant A,Line 4,Widget B,Evening,M-06,OP-108,B1070,509,8,Scratch,93,36.9,75.5,4.68,0.7,MB-220,Supplier W,Pass,Normal,Normal,Normal,
11360,14-03-2025 00:00,Plant C,Line 2,Widget D,Morning,M-02,OP-105,B1133,1479,20,Dent,55,43,75.5,3.82,0.13,MB-250,Supplier W,Pass,Normal,Normal,Normal,
10856,09-10-2025 00:00,Plant C,Line 4,Widget C,Evening,M-04,OP-120,B1132,1176,7,Crack,142,40.7,75.5,5.85,3.53,MB-237,Supplier Y,Pass,Normal,Normal,Normal,
10281,31-10-2025 00:00,Plant B,Line 2,Widget A,Morning,M-07,OP-117,B1047,1005,9,Color Defect,128,46.6,75.5,5.19,3.59,MB-239,Supplier Y,Pass,Normal,Normal,Normal,
11303,09-10-2025 00:00,Plant B,Line 3,Widget C,Evening,M-02,OP-117,B1119,1579,16,Crack,50,36,75.5,5.64,1.11,MB-207,Supplier W,Pass,Normal,Normal,Normal,
10897,15-09-2025 00:00,Plant C,Line 4,Widget C,Morning,M-04,OP-126,B1015,1379,8,Dimension Error,112,47.5,75.5,6.2,2.66,MB-205,Supplier Y,Pass,Normal,Normal,Normal,
10456,04-11-2025 00:00,Plant C,Line 2,Widget B,Evening,M-09,OP-108,B1067,780,30,Scratch,160,33.1,75.5,6.56,2.76,MB-249,Supplier Y,Review,Normal,Normal,Normal,
11175,15-02-2025 00:00,Plant C,Line 3,Widget A,Evening,M-12,OP-142,B1198,810,11,Crack,84,27.8,75.4,5.65,2.72,MB-236,Supplier Y,Pass,Normal,Normal,Normal,
11152,21-08-2025 00:00,Plant B,Line 1,Widget A,Evening,M-12,OP-142,B1125,769,19,Dimension Error,84,46.2,75.4,5.6,1.84,MB-250,Supplier Z,Pass,Normal,Normal,Normal,
10136,21-10-2025 00:00,Plant A,Line 4,Widget B,Night,M-08,OP-112,B1064,1363,14,Scratch,35,36.3,75.4,4.82,2.78,MB-202,Supplier Z,Pass,Normal,Normal,Normal,
10758,29-07-2025 00:00,Plant C,Line 3,Widget A,Morning,M-07,OP-130,B1154,1071,15,Dimension Error,102,43.2,75.4,4.64,3.21,MB-235,Supplier Z,Pass,Normal,Normal,Normal,
11481,23-08-2025 00:00,Plant C,Line 2,Widget C,Evening,M-04,OP-146,B1106,646,7,Scratch,94,36.7,75.4,5.29,5.42,MB-247,Supplier X,Pass,Normal,Normal,Normal,
10119,24-04-2025 00:00,Plant C,Line 4,Widget B,Morning,M-01,OP-108,B1100,917,8,Crack,164,35.3,75.4,6.85,1.63,MB-218,Supplier W,Pass,Normal,Normal,Normal,
10823,22-10-2025 00:00,Plant C,Line 2,Widget C,Morning,M-01,OP-111,B1087,939,15,Scratch,146,40.7,75.4,5.3,2.43,MB-201,Supplier Z,Pass,Normal,Normal,Normal,
10296,14-07-2025 00:00,Plant B,Line 1,Widget B,Night,M-02,OP-149,B1075,1146,14,Dimension Error,59,39.8,75.4,4.76,3.82,MB-220,Supplier Z,Pass,Normal,Normal,Normal,
10483,21-11-2025 00:00,Plant C,Line 3,Widget C,Night,M-03,OP-138,B1003,705,25,Scratch,92,43.7,75.3,6.57,5.52,MB-208,Supplier X,Review,Normal,Normal,Normal,
10811,05-05-2025 00:00,Plant B,Line 3,Widget D,Morning,M-07,OP-129,B1046,1365,47,Assembly Error,105,32.3,75.3,5.62,0.17,MB-249,Supplier Y,Review,Normal,Normal,Normal,
11376,03-06-2025 00:00,Plant B,Line 1,Widget D,Morning,M-12,OP-112,B1021,1028,7,Dent,64,42.9,75.3,6.15,1.95,MB-231,Supplier W,Pass,Normal,Normal,Normal,
10024,25-01-2025 00:00,Plant C,Line 1,Widget D,Night,M-09,OP-139,B1108,1184,17,Crack,46,54.7,75.2,5.27,2.89,MB-237,Supplier Z,Pass,Normal,Normal,Normal,
10087,21-06-2025 00:00,Plant A,Line 2,Widget C,Night,M-07,OP-122,B1117,894,35,Scratch,25,40,75.2,5.6,1.37,MB-241,Supplier W,Review,Normal,Normal,Normal,
11158,07-03-2025 00:00,Plant A,Line 4,Widget A,Evening,M-04,OP-137,B1185,577,20,Crack,162,50.4,75.2,4.99,2.27,MB-235,Supplier Y,Review,Normal,Normal,Normal,
10408,27-09-2025 00:00,Plant B,Line 1,Widget C,Night,M-07,OP-136,B1113,573,3,Assembly Error,28,48,75.2,5.52,2.33,MB-228,Supplier X,Pass,Normal,Normal,Normal,
10822,06-08-2025 00:00,Plant A,Line 1,Widget C,Morning,M-07,OP-106,B1111,1454,19,Dimension Error,127,39.7,75.2,4.98,3.19,MB-200,Supplier Z,Pass,Normal,Normal,Normal,
10462,09-09-2025 00:00,Plant A,Line 4,Widget D,Morning,M-03,OP-147,B1011,768,68,Color Defect,153,46.3,75.1,4.97,3.63,MB-234,Supplier X,Review,Normal,Normal,Normal,
11375,19-09-2025 00:00,Plant C,Line 1,Widget C,Morning,M-10,OP-122,B1200,1338,84,Dent,68,42.6,75.1,4.94,2.4,MB-231,Supplier Y,Review,Normal,Normal,Normal,
10282,05-10-2025 00:00,Plant B,Line 4,Widget D,Night,M-05,OP-140,B1070,527,5,Dimension Error,52,32.5,75.1,6.3,1.59,MB-214,Unknown,Pass,Normal,Normal,Normal,
11441,03-02-2025 00:00,Plant C,Line 4,Widget B,Night,M-06,OP-121,B1115,583,6,Crack,69,19.1,75.1,5.61,3.3,MB-236,Supplier Y,Pass,Normal,Normal,Normal,
10659,30-12-2025 00:00,Plant A,Line 4,Widget D,Evening,M-01,OP-107,B1200,982,2,Dimension Error,84,45,75.1,5.22,3.78,MB-244,Supplier Z,Pass,Normal,Normal,Normal,
11470,30-05-2025 00:00,Plant A,Line 3,Widget C,Morning,M-11,OP-149,B1106,596,12,Crack,97,46.9,75.1,5.88,3.93,MB-210,Supplier X,Pass,Normal,Normal,Normal,
10587,16-09-2025 00:00,Plant C,Line 4,Widget C,Morning,M-07,OP-119,B1033,1386,6,Assembly Error,54,49.5,75.1,4.37,3.51,MB-225,Supplier X,Pass,Normal,Normal,Normal,
10813,03-07-2025 00:00,Plant A,Line 3,Widget A,Evening,M-09,OP-108,B1192,1308,15,Dent,66,39.6,75,5.07,2.14,MB-203,Supplier Y,Pass,Normal,Normal,Normal,
10349,10-12-2025 00:00,Plant B,Line 3,Widget B,Morning,M-08,OP-124,B1101,671,10,Crack,38,35.3,75,5.3,3.35,MB-206,Supplier Z,Pass,Normal,Normal,Normal,
10696,05-02-2025 00:00,Plant B,Line 3,Widget D,Morning,M-03,OP-148,B1042,1003,5,Dimension Error,38,52,75,5.34,2.75,MB-244,Supplier X,Pass,Normal,Normal,Normal,
11451,06-08-2025 00:00,Plant C,Line 2,Widget D,Night,M-05,OP-136,B1101,850,13,Scratch,50,46.2,74.9,4.78,3.57,MB-238,Supplier X,Pass,Normal,Normal,Normal,
11006,16-12-2025 00:00,Plant C,Line 2,Widget B,Morning,M-06,OP-125,B1121,611,6,Color Defect,25,40.8,74.9,5.96,1.59,MB-249,Supplier W,Pass,Normal,Normal,Normal,
11304,20-01-2025 00:00,Plant C,Line 3,Widget A,Evening,M-05,OP-124,B1190,1015,2,Dent,30,33.2,74.9,3.34,2.77,MB-214,Supplier W,Pass,Normal,Normal,Normal,
10572,13-01-2025 00:00,Plant B,Line 1,Widget D,Evening,M-02,OP-108,B1047,488,4,Scratch,89,43.2,74.8,4.63,3.5,MB-250,Supplier Y,Pass,Normal,Normal,Normal,
10080,17-07-2025 00:00,Plant A,Line 1,Widget C,Morning,M-01,OP-114,B1011,783,2,Crack,24,48.4,74.8,6,0.39,MB-249,Supplier Z,Pass,Normal,Normal,Normal,
10992,04-12-2025 00:00,Plant B,Line 3,Widget C,Evening,M-07,OP-125,B1064,1122,11,Assembly Error,86,35.9,74.8,7.83,3.56,MB-212,Supplier X,Pass,Normal,Normal,Normal,
11163,27-11-2025 00:00,Plant B,Line 1,Widget D,Evening,M-07,OP-147,B1158,879,5,Scratch,167,30.6,74.8,5.76,0.23,MB-228,Supplier W,Pass,Normal,Normal,Normal,
11368,17-07-2025 00:00,Plant C,Line 2,Widget A,Evening,M-07,OP-104,B1085,1389,16,Assembly Error,5,43.2,74.8,4.03,3.27,MB-235,Supplier Z,Pass,Normal,Normal,Normal,
11165,25-11-2025 00:00,Plant A,Line 3,Widget C,Morning,M-06,OP-137,B1108,651,25,Assembly Error,92,47.8,74.7,5.3,3.8,MB-245,Supplier X,Review,Normal,Normal,Normal,
10064,06-02-2025 00:00,Plant A,Line 4,Widget A,Night,M-02,OP-140,B1044,1597,11,Assembly Error,66,50.4,74.7,6.26,1.56,MB-226,Supplier X,Pass,Normal,Normal,Normal,
11121,17-08-2025 00:00,Plant B,Line 1,Widget C,Night,M-12,OP-145,B1119,1384,17,Scratch,15,66.6,74.7,5.68,1.73,MB-205,Supplier W,Pass,Normal,Normal,Normal,
11409,04-02-2025 00:00,Plant A,Line 4,Widget D,Night,M-09,OP-130,B1143,1202,26,Color Defect,62,43,74.7,5.61,3.13,MB-217,Supplier Z,Pass,Normal,Normal,Normal,
11359,22-04-2025 00:00,Plant B,Line 1,Widget C,Evening,M-10,OP-135,B1101,1408,16,Color Defect,54,40.9,74.7,5.17,4.05,MB-226,Supplier Y,Pass,Normal,Normal,Normal,
10295,20-11-2025 00:00,Plant C,Line 3,Widget B,Night,M-08,OP-131,B1158,1563,15,Scratch,115,41.6,74.7,5.91,2.8,MB-225,Supplier W,Pass,Normal,Normal,Normal,
11094,19-04-2025 00:00,Plant C,Line 4,Widget C,Evening,M-10,OP-148,B1128,819,12,Color Defect,12,32.3,74.7,5.52,0.49,MB-228,Supplier Y,Pass,Normal,Normal,Normal,
11443,26-12-2025 00:00,Plant A,Line 3,Widget C,Evening,M-06,OP-131,B1151,1332,20,Assembly Error,110,34.6,74.7,3.77,1.81,MB-229,Supplier Y,Pass,Normal,Normal,Normal,
11022,08-02-2025 00:00,Plant A,Line 3,Widget D,Evening,M-01,OP-133,B1103,962,14,Dimension Error,143,52.5,74.7,5.81,4.07,MB-218,Supplier Y,Pass,Normal,Normal,Normal,
10889,04-08-2025 00:00,Plant A,Line 3,Widget B,Morning,M-04,OP-110,B1064,1305,16,Assembly Error,172,46.7,74.6,4.05,4.17,MB-222,Supplier X,Pass,Normal,Normal,Normal,
10082,01-01-2025 00:00,Plant C,Line 3,Widget D,Night,M-05,OP-141,B1089,752,7,Scratch,67,41.6,74.6,5.46,3.26,MB-212,Supplier Z,Pass,Normal,Normal,Normal,
11186,13-05-2025 00:00,Plant C,Line 2,Widget A,Morning,M-10,OP-137,B1142,1515,22,Dent,173,33.2,74.6,5.84,1.17,MB-221,Supplier W,Pass,Normal,Normal,Normal,
10032,08-04-2025 00:00,Plant B,Line 2,Widget C,Evening,M-02,OP-138,B1078,1027,79,Dent,34,48.9,74.6,5.19,3.68,MB-219,Supplier W,Review,Normal,Normal,Normal,
10666,19-12-2025 00:00,Plant C,Line 4,Widget A,Morning,M-04,OP-141,B1171,1105,26,Dimension Error,8,37.9,74.6,4.55,1.67,MB-241,Supplier Y,Pass,Normal,Normal,Normal,
11054,30-11-2025 00:00,Plant A,Line 1,Widget C,Morning,M-08,OP-147,B1102,764,67,Crack,25,45.6,74.6,4.45,3.24,MB-232,Supplier W,Review,Normal,Normal,Normal,
11071,24-04-2025 00:00,Plant B,Line 2,Widget A,Evening,M-06,OP-150,B1173,1426,52,Dent,96,39.3,74.6,5.52,1.23,MB-243,Supplier W,Review,Normal,Normal,Normal,
10503,28-01-2025 00:00,Plant B,Line 4,Widget A,Morning,M-07,OP-124,B1097,1495,32,Color Defect,11,45.1,74.6,5.24,2.33,MB-249,Supplier Y,Pass,Normal,Normal,Normal,
10380,07-07-2025 00:00,Plant C,Line 3,Widget C,Morning,M-09,OP-122,B1063,989,36,Scratch,45,33.5,74.6,4.62,2.74,MB-232,Supplier Z,Review,Normal,Normal,Normal,
10911,28-07-2025 00:00,Plant A,Line 4,Widget D,Morning,M-01,OP-114,B1025,501,4,Scratch,7,39.7,74.5,5.98,1.7,MB-230,Supplier Y,Pass,Normal,Normal,Normal,
10630,19-09-2025 00:00,Plant C,Line 2,Widget A,Evening,M-03,OP-128,B1037,756,7,Crack,47,41.3,74.5,5.2,0.92,MB-210,Supplier Z,Pass,Normal,Normal,Normal,
11000,19-04-2025 00:00,Plant A,Line 3,Widget B,Morning,M-10,OP-147,B1090,519,4,Unknown,174,35.7,74.5,6.93,2.67,MB-247,Supplier Y,Pass,Normal,Normal,Normal,
11313,12-11-2025 00:00,Plant B,Line 2,Widget D,Night,M-10,OP-112,B1096,690,11,Color Defect,154,41.9,74.5,5.81,1.98,MB-239,Supplier Z,Pass,Normal,Normal,Normal,
10830,14-05-2025 00:00,Plant C,Line 1,Widget C,Morning,M-02,OP-124,B1076,748,11,Color Defect,142,35.3,74.5,6.24,1.53,MB-213,Supplier Z,Pass,Normal,Normal,Normal,
10756,02-06-2025 00:00,Plant C,Line 2,Widget D,Evening,M-05,OP-125,B1155,709,4,Dimension Error,168,32.8,74.5,4.45,3.01,MB-229,Supplier Z,Pass,Normal,Normal,Normal,
10105,12-08-2025 00:00,Plant C,Line 4,Widget B,Evening,M-09,OP-122,B1091,1471,53,Dimension Error,33,38.2,74.5,4.72,3.1,MB-249,Supplier Z,Review,Normal,Normal,Normal,
11329,09-08-2025 00:00,Plant B,Line 3,Widget B,Evening,M-05,OP-103,B1153,1340,10,Crack,147,42,74.5,3.85,2.17,MB-245,Supplier W,Pass,Normal,Normal,Normal,
11430,14-08-2025 00:00,Plant A,Line 3,Widget B,Night,M-09,OP-131,B1059,564,6,Crack,121,32.6,74.5,6.71,2.09,MB-233,Supplier W,Pass,Normal,Normal,Normal,
10210,11-10-2025 00:00,Plant A,Line 2,Widget B,Night,M-01,OP-112,B1199,1149,17,Crack,118,34.3,74.4,5.16,3.33,MB-233,Supplier Z,Pass,Normal,Normal,Normal,
10011,31-10-2025 00:00,Plant B,Line 4,Widget A,Night,M-11,OP-109,B1098,712,8,Dent,151,45.7,74.4,5.4,3.18,MB-223,Supplier W,Pass,Normal,Normal,Normal,
10598,12-12-2025 00:00,Plant B,Line 2,Widget A,Night,M-02,OP-148,B1026,1584,22,Dent,75,38,74.4,5.15,2.9,MB-228,Supplier X,Pass,Normal,Normal,Normal,
10573,02-12-2025 00:00,Plant C,Line 3,Widget D,Evening,M-04,OP-123,B1048,1572,103,Crack,170,46.7,74.4,5.22,4.9,MB-219,Supplier X,Review,Normal,Normal,Normal,
10836,03-02-2025 00:00,Plant A,Line 4,Widget B,Morning,M-04,OP-146,B1083,1277,4,Dent,94,53.7,74.4,3.94,4.48,MB-214,Supplier X,Pass,Normal,Normal,Normal,
11160,08-02-2025 00:00,Plant C,Line 3,Widget B,Evening,M-09,OP-134,B1200,1408,24,Color Defect,39,39.7,74.3,3.88,2.7,MB-218,Supplier Z,Pass,Normal,Normal,Normal,
10947,27-02-2025 00:00,Plant C,Line 3,Widget C,Evening,M-07,OP-123,B1102,807,32,Crack,116,51.3,74.3,5.76,2.91,MB-227,Supplier W,Review,Normal,Normal,Normal,
10909,30-10-2025 00:00,Plant A,Line 4,Widget B,Evening,M-09,OP-114,B1090,519,7,Dent,136,43.3,74.2,4.26,2.95,MB-245,Supplier Z,Pass,Normal,Normal,Normal,
11274,16-06-2025 00:00,Plant C,Line 2,Widget D,Evening,M-02,OP-113,B1057,498,18,Scratch,5,39.3,74.2,3.53,4.27,MB-222,Supplier Y,Review,Normal,Normal,Normal,
10145,13-01-2025 00:00,Plant C,Line 3,Widget D,Night,M-03,OP-108,B1119,1385,5,Dent,130,50.1,74.2,4.02,3.08,MB-212,Supplier X,Pass,Normal,Normal,Normal,
10052,20-01-2025 00:00,Plant A,Line 1,Widget B,Evening,M-09,OP-134,B1052,1158,7,Dimension Error,176,39.5,74.1,5.43,2.84,MB-222,Supplier W,Pass,Normal,Normal,Normal,
10412,28-09-2025 00:00,Plant A,Line 4,Widget C,Morning,M-06,OP-124,B1124,1092,12,Dent,122,35.4,74.1,5.84,2.37,MB-211,Supplier X,Pass,Normal,Normal,Normal,
10260,11-11-2025 00:00,Plant C,Line 2,Widget C,Night,M-08,OP-141,B1067,1147,4,Assembly Error,19,45,74.1,4.93,3.21,MB-237,Supplier W,Pass,Normal,Normal,Normal,
10171,16-10-2025 00:00,Plant A,Line 4,Widget B,Evening,M-07,OP-114,B1146,499,4,Dimension Error,132,39.1,74.1,4.43,1.75,MB-209,Supplier X,Pass,Normal,Normal,Normal,
10448,03-06-2025 00:00,Plant C,Line 3,Widget D,Night,M-06,OP-116,B1193,607,9,Crack,99,40,74.1,4.58,2.38,MB-203,Supplier W,Pass,Normal,Normal,Normal,
10314,15-02-2025 00:00,Plant B,Line 3,Widget D,Night,M-02,OP-101,B1190,546,8,Assembly Error,103,30.4,74.1,5.81,3.69,MB-219,Supplier Z,Pass,Normal,Normal,Normal,
10881,03-12-2025 00:00,Plant C,Line 2,Widget D,Evening,M-10,OP-111,B1111,625,6,Assembly Error,31,35.4,74.1,4.98,2.83,MB-220,Supplier Z,Pass,Normal,Normal,Normal,
10578,08-08-2025 00:00,Plant B,Line 2,Widget C,Evening,M-11,OP-124,B1194,1472,40,Dimension Error,34,45.3,74.1,5.42,2.6,MB-225,Supplier W,Pass,Normal,Normal,Normal,
10525,25-02-2025 00:00,Plant A,Line 3,Widget A,Evening,M-03,OP-126,B1175,670,7,Dimension Error,175,48.6,74.1,4.43,1.01,MB-250,Supplier W,Pass,Normal,Normal,Normal,
10511,28-04-2025 00:00,Plant A,Line 4,Widget D,Morning,M-08,OP-118,B1020,1304,15,Color Defect,58,48.8,74.1,5.09,1.68,MB-222,Supplier Y,Pass,Normal,Normal,Normal,
10651,10-10-2025 00:00,Plant A,Line 4,Widget C,Evening,M-03,OP-122,B1030,775,19,Dent,7,43.6,74,4.77,4.09,MB-221,Supplier W,Pass,Normal,Normal,Normal,
10701,17-10-2025 00:00,Plant B,Line 2,Widget D,Morning,M-02,OP-125,B1083,1188,15,Assembly Error,157,52.9,74,5.52,3.28,MB-238,Supplier W,Pass,Normal,Normal,Normal,
10233,07-05-2025 00:00,Plant A,Line 4,Widget D,Night,M-01,OP-145,B1163,763,6,Assembly Error,152,41.2,74,5.72,1.55,MB-239,Supplier Z,Pass,Normal,Normal,Normal,
10710,15-09-2025 00:00,Plant A,Line 2,Widget A,Morning,M-05,OP-124,B1177,672,9,Dent,177,45.7,74,4.25,2.37,MB-232,Supplier W,Pass,Normal,Normal,Normal,
11230,03-10-2025 00:00,Plant C,Line 1,Widget A,Morning,M-02,OP-123,B1104,650,33,Dent,97,31.8,73.9,5.07,4.02,MB-241,Supplier Z,Review,Normal,Normal,Normal,
10821,18-05-2025 00:00,Plant B,Line 4,Widget A,Night,M-10,OP-113,B1079,797,23,Assembly Error,34,31.7,73.9,3.46,3.59,MB-243,Supplier W,Pass,Normal,Normal,Normal,
10060,26-06-2025 00:00,Plant C,Line 1,Widget B,Morning,M-02,OP-104,B1145,826,21,Assembly Error,41,41.8,73.9,6.44,1.7,MB-211,Supplier Z,Pass,Normal,Normal,Normal,
10922,05-02-2025 00:00,Plant A,Line 3,Widget C,Night,M-09,OP-149,B1179,1395,89,Crack,154,55.9,73.9,5.72,1.12,MB-242,Supplier X,Review,Normal,Normal,Normal,
10680,22-01-2025 00:00,Plant A,Line 2,Widget B,Morning,M-11,Unknown,B1122,915,13,Assembly Error,66,36.2,73.9,4.22,5.25,MB-220,Supplier X,Pass,Normal,Normal,Normal,
10545,26-04-2025 00:00,Plant C,Line 3,Widget A,Evening,M-12,OP-149,B1009,1140,38,Scratch,156,32.7,73.9,4.86,3.49,MB-239,Supplier Y,Review,Normal,Normal,Normal,
10313,14-08-2025 00:00,Plant A,Line 3,Widget D,Evening,M-03,OP-109,B1063,577,4,Dimension Error,97,40.4,73.9,4.1,0.15,MB-228,Supplier W,Pass,Normal,Normal,Normal,
11407,08-05-2025 00:00,Plant C,Line 4,Widget A,Night,M-12,OP-124,B1169,488,19,Assembly Error,32,36,73.9,4.64,2.66,MB-209,Supplier W,Review,Normal,Normal,Normal,
11017,20-07-2025 00:00,Plant A,Line 1,Widget A,Night,M-09,OP-141,B1028,769,30,Dimension Error,172,34.5,73.9,5.11,2.31,MB-219,Supplier X,Review,Normal,Normal,Normal,
11301,15-04-2025 00:00,Plant C,Line 3,Widget B,Morning,M-11,OP-105,B1190,1326,37,Dimension Error,51,46.2,73.8,6.59,2.22,MB-227,Supplier W,Pass,Normal,Normal,Normal,
10276,05-10-2025 00:00,Plant C,Line 2,Widget A,Night,M-09,OP-137,B1175,579,4,Dimension Error,175,32,73.8,3.97,3.08,MB-201,Supplier W,Pass,Normal,Normal,Normal,
11206,28-12-2025 00:00,Plant A,Line 4,Widget A,Morning,M-12,OP-112,B1049,450,5,Color Defect,65,44.6,73.8,5.26,2.78,MB-227,Supplier Y,Pass,Normal,Normal,Normal,
11177,23-02-2025 00:00,Plant C,Line 2,Widget C,Morning,M-02,OP-118,B1093,1444,45,Color Defect,170,42,73.8,5.52,3.27,MB-243,Supplier Y,Review,Normal,Normal,Normal,
10213,11-03-2025 00:00,Plant A,Line 3,Widget D,Morning,M-07,OP-104,B1090,699,3,Dent,22,55.3,73.8,6.31,0.55,MB-248,Supplier W,Pass,Normal,Normal,Normal,
10751,16-11-2025 00:00,Plant A,Line 2,Widget B,Morning,M-07,OP-138,B1191,1212,9,Crack,165,42.8,73.8,6.42,3.12,MB-239,Supplier Z,Pass,Normal,Normal,Normal,
11119,15-07-2025 00:00,Plant A,Line 1,Widget B,Morning,M-02,OP-119,B1092,1406,34,Dent,172,48.6,73.8,6.17,2.39,MB-226,Supplier X,Pass,Normal,Normal,Normal,
11276,18-01-2025 00:00,Plant B,Line 1,Widget B,Evening,M-07,OP-132,B1109,1432,20,Assembly Error,71,54.3,73.8,6.68,3.86,MB-239,Supplier W,Pass,Normal,Normal,Normal,
11351,28-07-2025 00:00,Plant C,Line 4,Widget A,Night,M-10,OP-137,B1051,910,7,Dimension Error,141,37.3,73.7,4.76,1.99,MB-211,Supplier Y,Pass,Normal,Normal,Normal,
11256,23-03-2025 00:00,Plant A,Line 3,Widget B,Morning,M-01,OP-109,B1145,779,11,Assembly Error,17,42.9,73.7,4.89,5,MB-230,Supplier Z,Pass,Normal,Normal,Normal,
11380,16-02-2025 00:00,Plant B,Line 1,Widget C,Evening,M-05,OP-126,B1116,589,8,Color Defect,67,50.6,73.7,6.6,1.32,MB-207,Supplier X,Pass,Normal,Normal,Normal,
10765,01-12-2025 00:00,Plant B,Line 4,Widget C,Evening,M-02,OP-102,B1079,896,10,Color Defect,23,56,73.7,3.94,2.46,MB-209,Supplier X,Pass,Normal,Normal,Normal,
10692,24-04-2025 00:00,Plant A,Line 4,Widget C,Night,M-09,OP-112,B1200,1294,14,Crack,123,41,73.7,5.67,2.87,MB-230,Supplier W,Pass,Normal,Normal,Normal,
10772,20-08-2025 00:00,Plant B,Line 1,Widget D,Morning,M-01,OP-104,B1177,536,8,Unknown,7,43.9,73.7,5.09,3.51,MB-231,Supplier W,Pass,Normal,Normal,Normal,
10943,10-11-2025 00:00,Plant B,Line 1,Widget C,Morning,M-07,OP-128,B1145,612,8,Dent,173,60.6,73.7,5.35,2.19,MB-245,Supplier W,Pass,Normal,Normal,Normal,
10186,12-08-2025 00:00,Plant B,Line 2,Widget D,Morning,M-08,OP-136,B1078,1348,3,Dent,120,37.8,73.7,6.16,2.26,MB-214,Supplier W,Pass,Normal,Normal,Normal,
10785,23-10-2025 00:00,Plant B,Line 1,Widget B,Morning,M-07,OP-131,B1076,459,3,Dent,125,42.8,73.7,4.35,4.19,MB-246,Supplier X,Pass,Normal,Normal,Normal,
10464,10-08-2025 00:00,Plant B,Line 2,Widget D,Morning,M-10,OP-148,B1167,1348,40,Dimension Error,21,42.3,73.7,5.65,2.03,MB-247,Supplier Z,Pass,Normal,Normal,Normal,
11088,08-12-2025 00:00,Plant B,Line 3,Widget C,Morning,M-02,OP-101,B1063,1481,13,Assembly Error,144,42.6,73.6,4.27,1.52,MB-235,Supplier W,Pass,Normal,Normal,Normal,
10553,12-11-2025 00:00,Plant A,Line 1,Widget A,Morning,M-07,OP-150,B1070,1505,52,Dimension Error,90,54,73.6,5.16,4.01,MB-244,Supplier Z,Review,Normal,Normal,Normal,
10782,21-05-2025 00:00,Plant C,Line 4,Widget B,Evening,M-01,OP-116,B1030,678,4,Assembly Error,55,39.3,73.6,5.35,3.16,MB-240,Supplier X,Pass,Normal,Normal,Normal,
11314,14-04-2025 00:00,Plant B,Line 2,Widget D,Evening,M-10,OP-113,B1156,523,7,Crack,178,46.9,73.6,6.83,2.19,MB-204,Supplier X,Pass,Normal,Normal,Normal,
11114,13-09-2025 00:00,Plant C,Line 1,Widget B,Morning,M-11,OP-107,B1058,1347,52,Scratch,127,42.2,73.5,5.6,3.22,MB-215,Supplier Z,Review,Normal,Normal,Normal,
10597,28-01-2025 00:00,Plant B,Line 2,Widget B,Night,M-03,OP-125,B1177,1520,6,Dent,63,45.1,73.5,5.46,3.14,MB-206,Supplier W,Pass,Normal,Normal,Normal,
11417,13-02-2025 00:00,Plant A,Line 2,Widget A,Evening,M-12,OP-129,B1197,1427,65,Dent,150,49,73.5,5.86,1.21,MB-208,Supplier Z,Review,Normal,Normal,Normal,
10101,08-01-2025 00:00,Plant A,Line 4,Widget A,Evening,M-01,OP-145,B1178,1405,65,Color Defect,156,25,73.5,5.39,2.78,MB-214,Supplier Z,Review,Normal,Normal,Normal,
11171,06-09-2025 00:00,Plant B,Line 2,Widget B,Night,M-12,OP-141,B1158,479,3,Color Defect,6,31.3,73.4,5.73,1.21,MB-246,Supplier Z,Pass,Normal,Normal,Normal,
10548,02-05-2025 00:00,Plant C,Line 4,Widget B,Morning,M-10,OP-101,B1016,832,2,Crack,20,45.8,73.4,6.21,3.74,MB-210,Supplier Z,Pass,Normal,Normal,Normal,
10312,05-06-2025 00:00,Plant B,Line 2,Widget A,Evening,M-11,OP-105,B1118,1137,17,Dent,96,43.1,73.4,4.67,3.02,MB-244,Supplier Z,Pass,Normal,Normal,Normal,
10339,04-04-2025 00:00,Plant A,Line 2,Widget B,Morning,M-09,OP-147,B1181,1222,60,Dimension Error,135,46.3,73.4,5.73,1.88,MB-232,Supplier W,Review,Normal,Normal,Normal,
10275,28-07-2025 00:00,Plant A,Line 2,Widget C,Morning,M-10,OP-112,B1055,967,18,Assembly Error,45,53.2,73.3,4.49,3.48,MB-249,Supplier Y,Pass,Normal,Normal,Normal,
11199,27-09-2025 00:00,Plant C,Line 4,Widget B,Evening,M-01,OP-136,B1157,610,6,Crack,68,48.8,73.3,4.29,1.92,MB-220,Supplier X,Pass,Normal,Normal,Normal,
10300,03-07-2025 00:00,Plant C,Line 4,Widget C,Morning,M-05,OP-113,B1086,1088,7,Dent,85,46.1,73.3,5.77,4.8,MB-241,Supplier Y,Pass,Normal,Normal,Normal,
10543,25-07-2025 00:00,Plant B,Line 1,Widget D,Morning,M-12,OP-122,B1092,1494,11,Scratch,87,55.9,73.3,4.44,4.85,MB-235,Supplier W,Pass,Normal,Normal,Normal,
11084,05-11-2025 00:00,Plant B,Line 1,Widget A,Morning,M-11,OP-146,B1153,1079,25,Assembly Error,95,41.9,73.3,5.12,3.28,MB-206,Supplier X,Pass,Normal,Normal,Normal,
10158,09-09-2025 00:00,Plant C,Line 2,Widget B,Evening,M-11,OP-137,B1088,499,7,Crack,22,37,73.3,5.33,2.85,MB-203,Supplier W,Pass,Normal,Normal,Normal,
10198,30-06-2025 00:00,Plant C,Line 4,Widget D,Night,M-03,OP-120,B1036,1279,12,Crack,123,46.1,73.3,4.84,3.16,MB-238,Supplier X,Pass,Normal,Normal,Normal,
10720,18-02-2025 00:00,Plant B,Line 3,Widget B,Morning,M-07,OP-148,B1144,1125,17,Dimension Error,114,46.5,73.3,5.69,2.03,MB-249,Supplier W,Pass,Normal,Normal,Normal,
10277,04-04-2025 00:00,Plant B,Line 3,Widget A,Evening,M-07,OP-129,B1151,1338,7,Dent,78,32.3,73.3,4.32,1.18,MB-248,Supplier X,Pass,Normal,Normal,Normal,
10861,27-05-2025 00:00,Plant B,Line 3,Widget A,Morning,M-06,OP-113,B1105,487,24,Dent,176,31.7,73.3,5.39,5.37,MB-214,Supplier W,Review,Normal,Normal,Normal,
10706,29-08-2025 00:00,Plant C,Line 4,Widget C,Morning,M-11,OP-145,B1012,735,8,Scratch,159,35.9,73.2,6.06,2.39,MB-202,Supplier Z,Pass,Normal,Normal,Normal,
11048,18-10-2025 00:00,Plant C,Line 1,Widget B,Evening,M-04,OP-145,B1140,1248,69,Color Defect,180,50.4,73.2,4.77,2.83,MB-224,Supplier Z,Review,Normal,Normal,Normal,
11437,08-07-2025 00:00,Plant A,Line 3,Widget D,Evening,M-12,OP-123,B1125,1014,7,Assembly Error,49,38.9,73.2,5,2.21,MB-218,Supplier Z,Pass,Normal,Normal,Normal,
11167,19-03-2025 00:00,Plant B,Line 4,Widget A,Night,M-01,OP-128,B1006,802,7,Dent,19,44.1,73.2,5.61,2.06,MB-240,Supplier X,Pass,Normal,Normal,Normal,
11398,19-02-2025 00:00,Plant A,Line 4,Widget D,Evening,M-08,OP-127,B1122,1082,14,Crack,74,34.9,73.2,4.88,3.04,MB-243,Supplier W,Pass,Normal,Normal,Normal,
10569,29-11-2025 00:00,Plant B,Line 4,Widget C,Night,M-04,OP-114,B1159,1453,3,Dent,31,43,73.2,4.14,2.71,MB-237,Supplier W,Pass,Normal,Normal,Normal,
10401,04-11-2025 00:00,Plant A,Line 4,Widget D,Night,M-09,OP-139,B1105,702,5,Color Defect,129,48,73.2,5.28,1.65,MB-223,Supplier Z,Pass,Normal,Normal,Normal,
10057,19-07-2025 00:00,Plant A,Line 2,Widget A,Evening,M-11,OP-126,B1108,665,21,Assembly Error,30,47.7,73.1,5.56,2.57,MB-249,Supplier Z,Review,Normal,Normal,Normal,
10288,30-01-2025 00:00,Plant A,Line 2,Widget C,Evening,M-11,OP-102,B1185,1045,8,Color Defect,168,29.2,73.1,6.16,2.87,MB-217,Supplier X,Pass,Normal,Normal,Normal,
10455,03-04-2025 00:00,Plant A,Line 3,Widget C,Morning,M-09,OP-150,B1035,768,10,Dent,40,44.8,73.1,6.88,1.28,MB-205,Supplier Y,Pass,Normal,Normal,Normal,
10957,10-03-2025 00:00,Plant C,Line 2,Widget C,Evening,M-06,OP-104,B1031,759,3,Dent,113,47.8,73.1,4.3,2.89,MB-240,Supplier W,Pass,Normal,Normal,Normal,
10208,09-08-2025 00:00,Plant A,Line 1,Widget D,Night,M-06,OP-122,B1177,556,7,Scratch,106,52.7,73.1,4.64,1.47,MB-248,Supplier X,Pass,Normal,Normal,Normal,
10527,12-02-2025 00:00,Plant C,Line 2,Widget C,Night,M-04,OP-149,B1114,617,8,Dimension Error,159,38.5,73,5.33,3.02,MB-244,Supplier Y,Pass,Normal,Normal,Normal,
11240,27-05-2025 00:00,Plant A,Line 4,Widget B,Evening,M-02,OP-117,B1124,1462,32,Crack,135,45.2,73,5.16,2.44,MB-216,Supplier Y,Pass,Normal,Normal,Normal,
10621,22-09-2025 00:00,Plant C,Line 2,Widget A,Night,M-12,OP-135,B1140,532,8,Crack,178,25.3,73,4.19,0.01,MB-202,Supplier Y,Pass,Normal,Normal,Normal,
10558,26-09-2025 00:00,Plant C,Line 4,Widget A,Morning,M-02,OP-128,B1049,1512,19,Dimension Error,134,47.2,73,3.48,3.29,MB-241,Supplier W,Pass,Normal,Normal,Normal,
10284,25-12-2025 00:00,Plant B,Line 1,Widget B,Morning,M-06,OP-104,B1081,971,11,Dimension Error,23,42.5,73,4.18,3.22,MB-250,Supplier Z,Pass,Normal,Normal,Normal,
11444,03-03-2025 00:00,Plant B,Line 2,Widget B,Night,M-09,OP-104,B1015,955,13,Crack,78,42.1,73,4.86,2.06,MB-202,Supplier X,Pass,Normal,Normal,Normal,
10816,18-05-2025 00:00,Plant B,Line 4,Widget B,Evening,M-07,OP-106,B1120,1028,19,Dent,156,40.3,73,6.23,2.66,MB-229,Supplier W,Pass,Normal,Normal,Normal,
11458,06-05-2025 00:00,Plant C,Line 3,Widget B,Night,M-11,OP-121,B1015,1486,57,Dimension Error,17,42,72.9,4.96,4.32,MB-229,Supplier W,Review,Normal,Normal,Normal,
10255,24-10-2025 00:00,Plant B,Line 3,Widget A,Morning,M-06,OP-145,B1074,550,8,Dent,146,37.3,72.9,4.49,2.44,MB-234,Supplier Y,Pass,Normal,Normal,Normal,
10178,07-12-2025 00:00,Plant B,Line 1,Widget B,Morning,M-12,OP-138,B1167,744,4,Crack,168,33.9,72.9,4.88,4.34,MB-221,Supplier W,Pass,Normal,Normal,Normal,
11117,26-07-2025 00:00,Plant A,Line 2,Widget B,Morning,M-01,OP-118,B1113,1383,23,Dent,111,39.6,72.9,5.6,3.3,MB-243,Supplier X,Pass,Normal,Normal,Normal,
10588,20-06-2025 00:00,Plant A,Line 2,Widget A,Night,M-10,OP-108,B1169,605,24,Color Defect,46,34,72.9,6.46,3.62,MB-226,Supplier Z,Review,Normal,Normal,Normal,
10133,08-02-2025 00:00,Plant C,Line 4,Widget B,Morning,M-02,OP-129,B1165,899,12,Scratch,135,34,72.9,5.17,2.57,MB-234,Supplier Z,Pass,Normal,Normal,Normal,
11003,29-03-2025 00:00,Plant A,Line 4,Widget D,Evening,M-04,OP-122,B1198,835,12,Dimension Error,14,41.5,72.9,4.23,2.96,MB-224,Supplier Y,Pass,Normal,Normal,Normal,
11096,02-08-2025 00:00,Plant C,Line 4,Widget C,Morning,M-04,OP-140,B1171,855,11,Crack,25,53.2,72.9,4.78,3.11,MB-208,Supplier Y,Pass,Normal,Normal,Normal,
11379,20-06-2025 00:00,Plant B,Line 4,Widget A,Evening,M-08,OP-137,B1092,1225,33,Dimension Error,67,34.2,72.8,6.09,3.48,MB-229,Supplier W,Pass,Normal,Normal,Normal,
10466,19-05-2025 00:00,Plant A,Line 4,Widget A,Morning,M-12,OP-121,B1019,1390,22,Crack,54,41,72.8,6.2,2.89,MB-234,Supplier X,Pass,Normal,Normal,Normal,
10476,01-07-2025 00:00,Plant C,Line 2,Widget C,Night,M-05,OP-139,B1126,868,11,Scratch,159,44.9,72.8,5.41,3.33,MB-229,Supplier Y,Pass,Normal,Normal,Normal,
10517,06-05-2025 00:00,Plant B,Line 3,Widget D,Evening,M-04,OP-148,B1066,1218,46,Dimension Error,178,46.4,72.8,6.88,1.47,MB-247,Supplier Y,Review,Normal,Normal,Normal,
10912,19-12-2025 00:00,Plant A,Line 1,Widget D,Night,M-06,OP-115,B1016,1371,51,Scratch,55,40.4,72.8,4.43,0.87,MB-241,Supplier X,Review,Normal,Normal,Normal,
10702,15-06-2025 00:00,Plant A,Line 2,Widget C,Morning,M-03,OP-130,B1164,1585,17,Crack,127,52.2,72.7,4.25,0.06,MB-249,Supplier X,Pass,Normal,Normal,Normal,
11440,04-05-2025 00:00,Plant A,Line 3,Widget D,Night,M-02,OP-112,B1113,1321,10,Crack,7,41.1,72.7,5.47,3.64,MB-230,Supplier Y,Pass,Normal,Normal,Normal,
10324,28-02-2025 00:00,Plant A,Line 3,Widget B,Evening,M-03,OP-120,B1001,1546,12,Assembly Error,45,42.9,72.7,6.42,1.3,MB-206,Supplier Y,Pass,Normal,Normal,Normal,
10950,03-09-2025 00:00,Plant C,Line 4,Widget C,Morning,M-07,OP-134,B1080,545,1,Crack,142,55.8,72.7,4.82,1.7,MB-234,Supplier X,Pass,Normal,Normal,Normal,
10026,06-05-2025 00:00,Plant B,Line 4,Widget D,Evening,M-09,OP-139,B1000,1163,16,Dimension Error,135,45.4,72.7,4.04,1.87,MB-232,Supplier Y,Pass,Normal,Normal,Normal,
10072,15-02-2025 00:00,Plant C,Line 4,Widget B,Evening,M-04,OP-133,B1167,551,8,Dimension Error,164,49.2,72.7,4.09,1.58,MB-237,Supplier Z,Pass,Normal,Normal,Normal,
11235,19-11-2025 00:00,Plant C,Line 3,Widget B,Evening,M-07,OP-114,B1192,1457,6,Crack,159,53.7,72.7,3.66,2.72,MB-216,Supplier Z,Pass,Normal,Normal,Normal,
10047,31-03-2025 00:00,Plant C,Line 2,Widget B,Evening,M-11,OP-134,B1090,651,8,Scratch,21,38.9,72.7,5.05,3.14,MB-224,Supplier Z,Pass,Normal,Normal,Normal,
11331,02-05-2025 00:00,Plant A,Line 2,Widget A,Night,M-03,OP-145,B1069,998,13,Scratch,67,43.8,72.7,3.87,2.34,MB-234,Supplier Z,Pass,Normal,Normal,Normal,
11057,25-05-2025 00:00,Plant A,Line 4,Widget D,Evening,M-03,OP-129,B1024,1103,12,Dent,25,48.3,72.7,5.12,2.28,MB-206,Supplier Y,Pass,Normal,Normal,Normal,
10287,27-11-2025 00:00,Plant C,Line 2,Widget A,Morning,M-07,OP-129,B1030,732,46,Scratch,68,46.7,72.6,5.2,2.51,MB-236,Supplier Y,Review,Normal,Normal,Normal,
10866,27-12-2025 00:00,Plant A,Line 4,Widget D,Evening,M-03,OP-116,B1056,1265,10,Color Defect,114,41.5,72.6,7.22,3.21,MB-247,Supplier Z,Pass,Normal,Normal,Normal,
10450,02-03-2025 00:00,Plant B,Line 4,Widget A,Morning,M-06,OP-121,B1010,860,22,Crack,6,45.7,72.6,4.1,3.6,MB-222,Supplier X,Pass,Normal,Normal,Normal,
10526,06-07-2025 00:00,Plant B,Line 4,Widget B,Evening,M-11,OP-139,B1024,667,3,Scratch,42,40.9,72.6,4.72,3.6,MB-241,Supplier W,Pass,Normal,Normal,Normal,
11436,02-12-2025 00:00,Plant B,Line 3,Widget A,Evening,M-06,OP-146,B1147,668,7,Dent,107,41.4,72.6,6.13,4.32,MB-228,Supplier X,Pass,Normal,Normal,Normal,
11214,10-11-2025 00:00,Plant A,Line 1,Widget A,Night,M-12,OP-103,B1131,515,12,Scratch,51,33.6,72.6,5.8,4.09,MB-211,Supplier X,Pass,Normal,Normal,Normal,
11350,28-10-2025 00:00,Plant B,Line 1,Widget C,Evening,M-05,OP-120,B1161,1587,11,Assembly Error,117,37,72.6,4.9,2.98,MB-224,Supplier X,Pass,Normal,Normal,Normal,
11247,11-02-2025 00:00,Plant A,Line 1,Widget A,Morning,M-12,OP-117,B1157,1121,12,Dent,125,40.3,72.5,6.48,2.93,MB-208,Supplier Y,Pass,Normal,Normal,Normal,
10084,24-09-2025 00:00,Plant C,Line 4,Widget B,Evening,M-02,OP-146,B1008,1277,12,Assembly Error,7,46.4,72.5,5.27,1.5,MB-214,Supplier W,Pass,Normal,Normal,Normal,
10803,12-12-2025 00:00,Plant B,Line 4,Widget A,Morning,M-05,OP-134,B1156,927,14,Dimension Error,168,42.5,72.5,5.92,0.93,MB-226,Supplier Y,Pass,Normal,Normal,Normal,
10946,28-01-2025 00:00,Plant C,Line 2,Widget B,Evening,M-08,OP-108,B1157,1469,49,Dent,85,43.1,72.5,4.76,3.71,MB-238,Supplier X,Review,Normal,Normal,Normal,
11312,21-05-2025 00:00,Plant A,Line 3,Widget D,Night,M-05,OP-125,B1080,974,35,Crack,41,40.2,72.5,4.57,3.33,MB-240,Supplier X,Review,Normal,Normal,Normal,
10513,16-06-2025 00:00,Plant A,Line 4,Widget A,Night,M-11,OP-110,B1111,749,29,Assembly Error,94,43,72.5,5.85,1.87,MB-222,Supplier Y,Review,Normal,Normal,Normal,
10682,21-10-2025 00:00,Plant B,Line 2,Widget B,Morning,M-08,OP-148,B1104,1263,38,Scratch,63,40.9,72.5,4.92,5.51,MB-207,Supplier Z,Review,Normal,Normal,Normal,
11039,26-09-2025 00:00,Plant C,Line 2,Widget B,Evening,M-05,Unknown,B1167,486,17,Dent,18,43.1,72.5,4.12,2.43,MB-228,Supplier W,Review,Normal,Normal,Normal,
10035,19-10-2025 00:00,Plant A,Line 4,Widget A,Evening,M-04,OP-115,B1046,663,2,Dent,131,41.8,72.5,5.35,4.56,MB-201,Supplier X,Pass,Normal,Normal,Normal,
11483,16-12-2025 00:00,Plant B,Line 3,Widget C,Night,M-11,OP-126,B1156,1234,13,Color Defect,117,39.2,72.5,4.51,2.55,MB-201,Supplier Y,Pass,Normal,Normal,Normal,
11055,01-08-2025 00:00,Plant B,Line 2,Widget D,Evening,M-09,OP-118,B1145,996,4,Dimension Error,129,51,72.4,3.75,0.93,MB-241,Supplier W,Pass,Normal,Normal,Normal,
10786,12-04-2025 00:00,Plant A,Line 1,Widget A,Evening,M-06,OP-128,B1153,1240,18,Assembly Error,65,33.2,72.4,7.05,1.92,MB-241,Supplier Z,Pass,Normal,Normal,Normal,
11109,08-04-2025 00:00,Plant C,Line 2,Widget A,Night,M-03,OP-133,B1195,462,13,Dimension Error,139,44,72.4,4.1,2.37,MB-211,Supplier Y,Pass,Normal,Normal,Normal,
10405,02-03-2025 00:00,Plant C,Line 1,Widget D,Morning,M-03,OP-147,B1001,825,49,Color Defect,93,59.5,72.4,4.69,5.91,MB-200,Supplier X,Review,Normal,Normal,Normal,
10251,24-04-2025 00:00,Plant C,Line 1,Widget C,Night,M-03,OP-139,B1052,1299,37,Color Defect,30,42.3,72.4,4.8,1.29,MB-250,Supplier Z,Pass,Normal,Normal,Normal,
11188,05-07-2025 00:00,Plant B,Line 3,Widget C,Evening,M-02,OP-130,B1146,1104,16,Crack,141,41.3,72.4,3.53,2.77,MB-206,Supplier X,Pass,Normal,Normal,Normal,
10492,11-10-2025 00:00,Plant C,Line 2,Widget B,Morning,M-06,OP-125,B1047,1210,4,Assembly Error,171,48.6,72.4,5.54,2.29,MB-200,Supplier X,Pass,Normal,Normal,Normal,
10807,02-08-2025 00:00,Plant C,Line 4,Widget D,Evening,M-12,OP-107,B1147,793,8,Crack,93,43.4,72.3,5.77,1.41,MB-216,Supplier X,Pass,Normal,Normal,Normal,
10315,22-09-2025 00:00,Plant B,Line 2,Widget D,Night,M-10,OP-150,B1075,1152,8,Color Defect,168,36.8,72.3,5.15,3.05,MB-209,Supplier X,Pass,Normal,Normal,Normal,
11362,24-07-2025 00:00,Plant A,Line 2,Widget B,Night,M-01,OP-139,B1172,833,13,Dimension Error,127,41.4,72.3,4.25,2.73,MB-210,Supplier Y,Pass,Normal,Normal,Normal,
11224,04-04-2025 00:00,Plant C,Line 3,Widget B,Morning,M-01,OP-104,B1146,1243,19,Scratch,34,38.5,72.3,5.36,3.27,MB-232,Supplier Z,Pass,Normal,Normal,Normal,
10851,15-06-2025 00:00,Plant C,Line 1,Widget C,Morning,M-08,OP-139,B1062,467,16,Scratch,132,42.1,72.3,4.24,1.71,MB-246,Supplier Z,Review,Normal,Normal,Normal,
10805,21-11-2025 00:00,Plant B,Line 4,Widget D,Night,M-10,OP-119,B1190,467,4,Scratch,116,46.8,72.3,4.77,2,MB-234,Supplier Z,Pass,Normal,Normal,Normal,
10898,18-03-2025 00:00,Plant C,Line 2,Widget C,Morning,M-05,OP-106,B1188,1505,82,Color Defect,146,36.4,72.3,6.26,2.85,MB-241,Supplier Y,Review,Normal,Normal,Normal,
10562,30-04-2025 00:00,Plant B,Line 4,Widget B,Evening,M-10,OP-126,B1135,1495,17,Crack,12,40.8,72.2,5.67,1,MB-221,Supplier W,Pass,Normal,Normal,Normal,
10904,31-12-2025 00:00,Plant C,Line 3,Widget B,Evening,M-07,OP-144,B1092,1520,49,Crack,34,39.5,72.2,4.65,4.02,MB-239,Supplier Y,Review,Normal,Normal,Normal,
10725,20-07-2025 00:00,Plant B,Line 2,Widget C,Night,M-03,OP-143,B1037,1161,114,Dent,138,49.6,72.2,4.91,1.26,MB-201,Supplier Y,Review,Normal,Normal,Normal,
11170,22-01-2025 00:00,Plant B,Line 4,Widget A,Morning,M-08,OP-132,B1016,1035,19,Dent,110,43.8,72.2,4.43,3.53,MB-209,Supplier Z,Pass,Normal,Normal,Normal,
10718,21-01-2025 00:00,Plant A,Line 3,Widget A,Morning,M-11,OP-119,B1049,1174,5,Color Defect,128,45,72.2,5.47,1.55,MB-206,Supplier X,Pass,Normal,Normal,Normal,
10570,20-07-2025 00:00,Plant A,Line 3,Widget D,Night,M-02,OP-112,B1082,501,4,Crack,52,38.3,72.2,4.46,4.65,MB-201,Supplier W,Pass,Normal,Normal,Normal,
10973,08-03-2025 00:00,Plant A,Line 2,Widget A,Morning,M-11,OP-105,B1190,765,7,Assembly Error,102,51.9,72.2,3.84,3.2,MB-239,Supplier Z,Pass,Normal,Normal,Normal,
11389,20-05-2025 00:00,Plant B,Line 2,Widget D,Evening,M-02,OP-124,B1165,1567,20,Dent,160,45.3,72.2,4.16,3.84,MB-209,Supplier W,Pass,Normal,Normal,Normal,
10601,27-09-2025 00:00,Plant B,Line 1,Widget D,Evening,M-02,OP-114,B1192,880,30,Assembly Error,110,49.1,72.2,4.51,4.55,MB-227,Supplier Z,Review,Normal,Normal,Normal,
10272,15-03-2025 00:00,Plant C,Line 1,Widget A,Night,M-07,OP-144,B1180,941,7,Dimension Error,75,49.4,72.1,6.91,1.41,MB-201,Supplier Y,Pass,Normal,Normal,Normal,
11281,31-05-2025 00:00,Plant C,Line 3,Widget C,Evening,M-11,OP-137,B1156,1385,6,Dimension Error,161,48.4,72.1,5.59,1.84,MB-224,Supplier X,Pass,Normal,Normal,Normal,
11178,16-10-2025 00:00,Plant B,Line 4,Widget C,Night,M-04,OP-136,B1025,1250,13,Color Defect,179,47.6,72.1,6.2,1.76,MB-211,Supplier Z,Pass,Normal,Normal,Normal,
10330,26-07-2025 00:00,Plant C,Line 3,Widget C,Morning,M-10,OP-127,B1189,1274,18,Crack,87,40.3,72.1,6.52,2.15,MB-218,Supplier X,Pass,Normal,Normal,Normal,
10219,09-07-2025 00:00,Plant A,Line 2,Widget D,Evening,M-02,OP-131,B1002,847,5,Dimension Error,140,54.3,72.1,5.38,3.56,MB-215,Supplier Z,Pass,Normal,Normal,Normal,
11223,25-09-2025 00:00,Plant B,Line 1,Widget B,Evening,M-05,OP-112,B1148,712,6,Dimension Error,17,44.5,72.1,5.2,2.91,MB-205,Supplier X,Pass,Normal,Normal,Normal,
10369,25-04-2025 00:00,Plant B,Line 2,Widget B,Evening,M-01,OP-101,B1076,614,4,Scratch,105,41.4,72.1,5.84,3.87,MB-226,Supplier X,Pass,Normal,Normal,Normal,
11140,06-12-2025 00:00,Plant C,Line 1,Widget A,Night,M-11,OP-124,B1014,1110,40,Dent,16,44.1,72.1,4.91,5.38,MB-227,Supplier Z,Review,Normal,Normal,Normal,
11467,24-03-2025 00:00,Plant A,Line 4,Widget C,Night,M-12,OP-105,B1136,866,33,Dimension Error,133,57.5,72.1,6.46,3.61,MB-224,Supplier Y,Review,Normal,Normal,Normal,
10351,22-02-2025 00:00,Plant B,Line 2,Widget D,Morning,M-12,OP-148,B1152,1187,8,Assembly Error,11,40.8,72,3.27,2.83,MB-219,Supplier Z,Pass,Normal,Normal,Normal,
10232,19-03-2025 00:00,Plant B,Line 1,Widget C,Night,M-12,OP-120,B1124,1027,8,Scratch,107,36.6,72,5.36,1.92,MB-213,Supplier Y,Pass,Normal,Normal,Normal,
11252,18-10-2025 00:00,Plant B,Line 2,Widget D,Evening,M-10,OP-142,B1076,717,21,Dent,34,34.4,72,5.87,3.89,MB-217,Supplier X,Pass,Normal,Normal,Normal,
11342,15-01-2025 00:00,Plant B,Line 3,Widget D,Evening,M-11,OP-149,B1039,496,5,Dimension Error,49,33.3,72,8.52,1.89,MB-237,Supplier X,Pass,Normal,Normal,Normal,
11490,23-12-2025 00:00,Plant C,Line 3,Widget C,Morning,M-02,OP-110,B1182,1287,23,Crack,23,35.5,72,5.71,2.61,MB-232,Supplier X,Pass,Normal,Normal,Normal,
10800,09-12-2025 00:00,Plant C,Line 3,Widget C,Morning,M-03,OP-117,B1159,1160,4,Crack,158,22.9,72,4.83,1.63,MB-232,Supplier W,Pass,Normal,Normal,Normal,
10978,18-08-2025 00:00,Plant A,Line 2,Widget C,Evening,M-02,OP-132,B1050,692,5,Dimension Error,92,36.8,72,6.6,1.29,MB-207,Supplier X,Pass,Normal,Normal,Normal,
11100,17-03-2025 00:00,Plant B,Line 4,Widget C,Morning,M-08,OP-127,B1062,1353,45,Assembly Error,109,42.7,72,6.52,2.24,MB-247,Supplier Z,Review,Normal,Normal,Normal,
10867,05-07-2025 00:00,Plant B,Line 1,Widget B,Night,M-02,OP-109,B1071,798,42,Scratch,93,42,72,6,3.63,MB-239,Supplier Z,Review,Normal,Normal,Normal,
11383,24-03-2025 00:00,Plant A,Line 1,Widget C,Morning,M-03,OP-119,B1016,1441,39,Assembly Error,39,32.5,71.9,6.2,2.66,MB-247,Supplier X,Pass,Normal,Normal,Normal,
11069,24-02-2025 00:00,Plant A,Line 1,Widget B,Night,M-05,OP-114,B1149,1342,19,Dimension Error,34,43.4,71.9,4.8,3.02,MB-241,Supplier Z,Pass,Normal,Normal,Normal,
10156,07-07-2025 00:00,Plant A,Line 3,Widget C,Evening,M-02,OP-126,B1113,1312,28,Assembly Error,9,31,71.9,5.12,2.2,MB-237,Supplier Z,Pass,Normal,Normal,Normal,
10862,22-11-2025 00:00,Plant A,Line 2,Widget C,Morning,M-03,OP-118,B1047,1253,5,Dent,98,37.9,71.9,5.98,3.29,MB-236,Supplier Y,Pass,Normal,Normal,Normal,
10374,07-07-2025 00:00,Plant B,Line 2,Widget C,Night,M-06,OP-103,B1055,763,2,Dent,67,29.9,71.9,4.53,3.47,MB-249,Supplier Y,Pass,Normal,Normal,Normal,
10365,25-05-2025 00:00,Plant B,Line 4,Widget A,Evening,M-03,OP-118,B1180,716,28,Color Defect,68,46.5,71.9,4.21,0.71,MB-248,Supplier X,Review,Normal,Normal,Normal,
10029,10-01-2025 00:00,Plant B,Line 2,Widget C,Morning,M-07,OP-133,B1117,1358,48,Scratch,69,44.4,71.9,6.3,2.05,MB-224,Supplier Y,Review,Normal,Normal,Normal,
10321,31-08-2025 00:00,Plant B,Line 3,Widget D,Evening,M-02,OP-111,B1192,898,2,Crack,83,48.2,71.9,5.07,4.18,MB-211,Supplier Z,Pass,Normal,Normal,Normal,
10246,04-07-2025 00:00,Plant A,Line 3,Widget C,Night,M-07,OP-128,B1178,1571,19,Scratch,123,39.1,71.9,5.55,3.27,MB-204,Supplier Y,Pass,Normal,Normal,Normal,
11497,02-02-2025 00:00,Plant B,Line 1,Widget D,Evening,M-04,OP-134,B1048,812,9,Dimension Error,29,34.4,71.9,4.99,2.91,MB-218,Supplier X,Pass,Normal,Normal,Normal,
11130,15-06-2025 00:00,Plant B,Line 2,Widget B,Evening,M-04,OP-125,B1029,1486,3,Scratch,139,55.3,71.9,6.76,4.44,MB-214,Supplier W,Pass,Normal,Normal,Normal,
11414,03-09-2025 00:00,Plant B,Line 3,Widget A,Morning,M-01,OP-132,B1126,1107,77,Color Defect,99,46.6,71.9,4.64,2.09,MB-226,Supplier Z,Review,Normal,Normal,Normal,
10644,27-11-2025 00:00,Plant C,Line 4,Widget C,Evening,M-11,OP-110,B1172,1063,10,Color Defect,88,47,71.8,4.66,0.97,MB-247,Supplier Z,Pass,Normal,Normal,Normal,
10810,23-12-2025 00:00,Plant C,Line 4,Widget B,Evening,M-07,OP-119,B1173,1114,41,Dent,147,45.4,71.8,4.06,1.24,MB-201,Supplier X,Review,Normal,Normal,Normal,
10360,29-04-2025 00:00,Plant B,Line 2,Widget B,Evening,M-04,OP-127,B1032,548,39,Color Defect,85,27.5,71.8,6.1,2.59,MB-248,Supplier W,Review,Normal,Normal,Normal,
10700,03-09-2025 00:00,Plant A,Line 1,Widget C,Morning,M-08,OP-115,B1177,536,6,Crack,26,41.2,71.8,4.85,2.76,MB-229,Supplier Z,Pass,Normal,Normal,Normal,
11465,29-09-2025 00:00,Plant A,Line 3,Widget A,Morning,M-08,OP-118,B1034,700,6,Color Defect,178,26.5,71.7,4.33,2.94,MB-237,Supplier W,Pass,Normal,Normal,Normal,
11007,21-12-2025 00:00,Plant C,Line 1,Widget C,Morning,M-02,OP-123,B1190,1057,14,Scratch,51,34.2,71.7,4.85,4.07,MB-233,Supplier Z,Pass,Normal,Normal,Normal,
10116,16-06-2025 00:00,Plant B,Line 4,Widget D,Night,M-06,OP-110,B1098,471,6,Color Defect,67,27.1,71.7,5.3,3.97,MB-203,Supplier Y,Pass,Normal,Normal,Normal,
10114,14-06-2025 00:00,Plant B,Line 1,Widget B,Morning,M-07,OP-126,B1164,1393,20,Scratch,53,45.3,71.7,3.91,4.08,MB-240,Supplier X,Pass,Normal,Normal,Normal,
11108,13-04-2025 00:00,Plant C,Line 3,Widget A,Morning,M-09,Unknown,B1118,758,14,Dimension Error,180,65.7,71.7,6.09,3.91,MB-248,Supplier X,Pass,Normal,Normal,Normal,
11285,21-10-2025 00:00,Plant C,Line 4,Widget C,Night,M-06,OP-143,B1047,1162,13,Dent,47,35.1,71.7,5.48,3.52,MB-212,Supplier Y,Pass,Normal,Normal,Normal,
10834,21-01-2025 00:00,Plant B,Line 1,Widget D,Evening,M-01,OP-140,B1028,1197,40,Scratch,24,40.4,71.7,5.71,4.48,MB-224,Supplier X,Review,Normal,Normal,Normal,
11474,08-10-2025 00:00,Plant A,Line 4,Widget C,Night,M-02,OP-113,B1173,1176,9,Dent,129,42.8,71.7,5.46,1.18,MB-222,Supplier W,Pass,Normal,Normal,Normal,
11364,02-12-2025 00:00,Plant C,Line 3,Widget A,Morning,M-07,OP-138,B1156,1039,9,Dimension Error,81,42,71.7,5.08,2.69,MB-232,Supplier W,Pass,Normal,Normal,Normal,
10806,13-04-2025 00:00,Plant B,Line 2,Widget B,Night,M-02,OP-111,B1186,1085,8,Color Defect,152,32.4,71.7,5.71,4.98,MB-204,Supplier Z,Pass,Normal,Normal,Normal,
10077,28-03-2025 00:00,Plant B,Line 4,Widget B,Night,M-07,OP-137,B1068,979,10,Assembly Error,170,30.4,71.6,5.07,3.97,MB-238,Supplier X,Pass,Normal,Normal,Normal,
10980,30-04-2025 00:00,Plant B,Line 4,Widget A,Evening,M-02,OP-116,B1150,1365,116,Scratch,171,44.1,71.6,5.31,1.47,MB-239,Supplier Y,Review,Normal,Normal,Normal,
10979,09-06-2025 00:00,Plant B,Line 4,Widget D,Morning,M-02,OP-112,B1114,932,5,Color Defect,76,40.6,71.6,4.86,2.9,MB-242,Supplier W,Pass,Normal,Normal,Normal,
11354,30-07-2025 00:00,Plant B,Line 1,Widget B,Evening,M-05,OP-108,B1090,1034,39,Scratch,41,39.7,71.6,5.42,2.82,MB-241,Supplier W,Review,Normal,Normal,Normal,
10157,27-03-2025 00:00,Plant B,Line 2,Widget B,Evening,M-03,OP-130,B1005,464,3,Assembly Error,97,48.7,71.6,4.53,3.24,MB-210,Supplier X,Pass,Normal,Normal,Normal,
11347,08-10-2025 00:00,Plant B,Line 2,Widget A,Night,M-05,OP-118,B1129,806,6,Crack,120,37.3,71.6,6.77,1.49,MB-207,Supplier X,Pass,Normal,Normal,Normal,
10847,28-04-2025 00:00,Plant B,Line 2,Widget A,Evening,M-11,OP-132,B1139,1415,11,Assembly Error,137,37.2,71.6,5.4,1.35,MB-212,Supplier Y,Pass,Normal,Normal,Normal,
10887,06-04-2025 00:00,Plant A,Line 3,Widget D,Morning,M-03,OP-149,B1100,530,15,Scratch,152,29.4,71.6,3.97,5.2,MB-233,Supplier Z,Pass,Normal,Normal,Normal,
11411,14-12-2025 00:00,Plant C,Line 3,Widget B,Evening,M-01,OP-143,B1117,676,9,Dimension Error,63,46.4,71.6,5.9,2.45,MB-241,Supplier W,Pass,Normal,Normal,Normal,
11040,15-02-2025 00:00,Plant A,Line 1,Widget A,Morning,M-05,OP-117,B1046,1534,11,Assembly Error,66,51.8,71.6,4.28,2.57,MB-244,Supplier X,Pass,Normal,Normal,Normal,
11063,18-08-2025 00:00,Plant B,Line 2,Widget C,Morning,M-02,OP-103,B1088,1126,2,Scratch,58,42,71.6,6.3,4.26,MB-222,Supplier Y,Pass,Normal,Normal,Normal,
10230,10-10-2025 00:00,Plant A,Line 2,Widget B,Evening,M-02,OP-130,B1083,859,5,Crack,170,46.8,71.6,6.13,1.4,MB-241,Supplier Z,Pass,Normal,Normal,Normal,
10038,11-03-2025 00:00,Plant C,Line 4,Widget D,Night,M-08,OP-109,B1130,764,11,Assembly Error,35,43.9,71.6,5.01,1.8,MB-227,Supplier Z,Pass,Normal,Normal,Normal,
10454,24-06-2025 00:00,Plant C,Line 1,Widget A,Morning,M-02,OP-107,B1048,582,5,Assembly Error,20,57,71.5,3.61,1.15,MB-225,Supplier Y,Pass,Normal,Normal,Normal,
10307,18-05-2025 00:00,Plant C,Line 4,Widget A,Morning,M-03,OP-105,B1136,958,4,Dimension Error,25,44.1,71.5,4.29,1.82,MB-243,Supplier X,Pass,Normal,Normal,Normal,
10721,08-03-2025 00:00,Plant C,Line 2,Widget B,Night,M-12,OP-110,B1048,1408,5,Dimension Error,19,43.5,71.5,7.37,1.09,MB-229,Supplier X,Pass,Normal,Normal,Normal,
11151,15-02-2025 00:00,Plant C,Line 1,Widget B,Morning,M-12,OP-117,B1008,1039,13,Color Defect,74,38.2,71.5,4.61,2.78,MB-218,Supplier X,Pass,Normal,Normal,Normal,
10298,01-08-2025 00:00,Plant A,Line 1,Widget A,Evening,M-09,OP-131,B1051,1140,10,Assembly Error,44,39.1,71.5,5.52,3.09,MB-228,Supplier Z,Pass,Normal,Normal,Normal,
11104,06-06-2025 00:00,Plant C,Line 2,Widget A,Evening,M-06,OP-106,B1007,813,6,Dimension Error,21,41.7,71.5,6.14,4.17,MB-237,Supplier Z,Pass,Normal,Normal,Normal,
11066,14-08-2025 00:00,Plant A,Line 1,Widget C,Night,M-12,OP-105,B1179,462,2,Color Defect,44,38.8,71.5,5.29,2.6,MB-227,Supplier W,Pass,Normal,Normal,Normal,
10844,13-11-2025 00:00,Plant C,Line 2,Widget C,Evening,M-07,OP-102,B1000,610,8,Dent,139,41.5,71.5,5.47,3.3,MB-220,Supplier Z,Pass,Normal,Normal,Normal,
11189,04-08-2025 00:00,Plant A,Line 2,Widget A,Morning,M-07,OP-115,B1126,758,6,Scratch,19,29.3,71.5,5.18,1.52,MB-208,Supplier Y,Pass,Normal,Normal,Normal,
10681,23-04-2025 00:00,Plant A,Line 3,Widget C,Morning,M-06,OP-127,B1007,518,20,Assembly Error,32,34.4,71.5,6.37,1.25,MB-202,Supplier Y,Review,Normal,Normal,Normal,
11197,15-10-2025 00:00,Plant C,Line 1,Widget C,Morning,M-04,OP-126,B1109,1465,37,Scratch,137,43.5,71.5,6.43,4.45,MB-239,Supplier Y,Pass,Normal,Normal,Normal,
10437,29-04-2025 00:00,Plant C,Line 4,Widget A,Evening,M-01,OP-150,B1031,623,3,Color Defect,154,36.2,71.5,5.23,4.8,MB-228,Supplier Y,Pass,Normal,Normal,Normal,
10259,06-10-2025 00:00,Plant C,Line 4,Widget D,Evening,M-07,OP-129,B1178,1547,21,Dimension Error,93,38.9,71.5,5.14,3.33,MB-227,Supplier Y,Pass,Normal,Normal,Normal,
10672,16-09-2025 00:00,Plant A,Line 1,Widget C,Morning,M-07,OP-105,B1138,521,2,Assembly Error,129,45.5,71.5,4.87,2.71,MB-205,Supplier W,Pass,Normal,Normal,Normal,
10301,19-01-2025 00:00,Plant A,Line 1,Widget C,Night,M-06,OP-107,B1080,764,7,Dimension Error,43,33.8,71.5,7.21,2.76,MB-208,Unknown,Pass,Normal,Normal,Normal,
11113,30-07-2025 00:00,Plant C,Line 3,Widget C,Night,M-06,OP-106,B1029,1573,23,Color Defect,5,46.4,71.5,2.7,3.9,MB-213,Supplier Z,Pass,Normal,Normal,Normal,
10279,29-12-2025 00:00,Plant A,Line 3,Widget B,Morning,M-04,OP-136,B1116,1259,12,Crack,122,51.8,71.5,5.54,3.22,MB-200,Supplier X,Pass,Normal,Normal,Normal,
10826,09-06-2025 00:00,Plant A,Line 1,Widget A,Evening,M-07,OP-107,B1109,1263,5,Dent,73,39.6,71.5,5.37,3.8,MB-220,Supplier Y,Pass,Normal,Normal,Normal,
10357,26-06-2025 00:00,Plant A,Line 1,Widget C,Morning,M-04,OP-139,B1052,688,2,Dimension Error,60,39,71.5,3.76,2.44,MB-234,Supplier X,Pass,Normal,Normal,Normal,
10697,03-08-2025 00:00,Plant B,Line 2,Widget C,Evening,M-07,OP-150,B1020,1434,15,Dimension Error,152,40.1,71.5,4.36,1.21,MB-243,Supplier W,Pass,Normal,Normal,Normal,
11172,24-04-2025 00:00,Plant B,Line 4,Widget D,Night,M-09,OP-134,B1013,1006,15,Dimension Error,161,49,71.5,5.8,2.06,MB-248,Supplier Z,Pass,Normal,Normal,Normal,
10764,21-08-2025 00:00,Plant A,Line 3,Widget B,Night,M-06,Unknown,B1070,925,8,Dimension Error,139,41.5,71.5,6.2,4.18,MB-219,Supplier X,Pass,Normal,Normal,Normal,
10618,13-01-2025 00:00,Plant C,Line 3,Widget B,Morning,M-04,OP-149,B1194,1296,10,Dent,89,35.7,71.4,5.12,4.86,MB-200,Supplier Z,Pass,Normal,Normal,Normal,
10799,19-01-2025 00:00,Plant B,Line 3,Widget B,Night,M-10,OP-135,B1126,625,8,Color Defect,62,51.1,71.4,5.37,2.69,MB-201,Supplier W,Pass,Normal,Normal,Normal,
11221,21-12-2025 00:00,Plant A,Line 2,Widget A,Evening,M-04,OP-129,B1043,1097,36,Color Defect,13,39.6,71.4,5.92,2.65,MB-214,Supplier Y,Review,Normal,Normal,Normal,
11388,18-12-2025 00:00,Plant A,Line 4,Widget B,Morning,M-02,OP-147,B1036,882,7,Scratch,156,36.8,71.4,3.99,4.51,MB-245,Supplier Y,Pass,Normal,Normal,Normal,
10985,06-09-2025 00:00,Plant A,Line 3,Widget D,Evening,M-01,OP-148,B1083,624,52,Dent,29,55.6,71.4,5.14,2.97,MB-204,Supplier W,Review,Normal,Normal,Normal,
10671,24-04-2025 00:00,Plant B,Line 3,Widget C,Morning,M-03,OP-111,B1144,877,15,Scratch,112,39.4,71.4,5.96,3.46,MB-227,Supplier X,Pass,Normal,Normal,Normal,
11323,30-06-2025 00:00,Plant C,Line 2,Widget C,Morning,M-05,OP-132,B1119,1343,33,Assembly Error,16,47,71.4,5.04,3.16,MB-237,Supplier X,Pass,Normal,Normal,Normal,
10005,17-02-2025 00:00,Plant C,Line 3,Widget B,Morning,M-03,OP-144,B1103,680,7,Scratch,39,34.7,71.4,5.98,3.68,MB-225,Supplier Z,Pass,Normal,Normal,Normal,
11270,11-12-2025 00:00,Plant C,Line 1,Widget B,Evening,M-08,OP-147,B1047,474,4,Scratch,151,39.4,71.4,5.3,2.12,MB-204,Supplier X,Pass,Normal,Normal,Normal,
10808,23-10-2025 00:00,Plant A,Line 3,Widget D,Evening,M-12,OP-141,B1028,1023,3,Dent,27,37.3,71.3,4.53,2.9,MB-236,Supplier Y,Pass,Normal,Normal,Normal,
10387,18-06-2025 00:00,Plant A,Line 3,Widget A,Morning,M-02,OP-108,B1058,1520,114,Crack,45,32.7,71.3,6.71,2.65,MB-236,Supplier X,Review,Normal,Normal,Normal,
11420,28-12-2025 00:00,Plant A,Line 4,Widget D,Evening,M-12,OP-110,B1071,837,13,Dimension Error,179,48.5,71.3,5.77,1.89,MB-250,Supplier X,Pass,Normal,Normal,Normal,
11343,13-07-2025 00:00,Plant C,Line 1,Widget B,Night,M-10,OP-130,B1102,622,4,Dent,25,41.8,71.3,3.7,4.47,MB-237,Supplier X,Pass,Normal,Normal,Normal,
11159,09-01-2025 00:00,Plant C,Line 1,Widget A,Evening,M-11,OP-109,B1026,1243,21,Dimension Error,145,44.5,71.3,5.91,2.4,MB-212,Supplier Z,Pass,Normal,Normal,Normal,
11124,05-10-2025 00:00,Plant A,Line 3,Widget C,Night,M-11,OP-116,B1135,1447,22,Crack,101,38.9,71.3,4.88,1.9,MB-240,Supplier Z,Pass,Normal,Normal,Normal,
11134,25-10-2025 00:00,Plant A,Line 1,Widget A,Morning,M-07,OP-107,B1144,1341,50,Crack,132,31.2,71.2,6.07,2.51,MB-249,Supplier Y,Review,Normal,Normal,Normal,
10291,07-12-2025 00:00,Plant B,Line 1,Widget D,Morning,M-10,OP-137,B1150,1104,5,Dimension Error,89,33.8,71.2,4.97,2.4,MB-203,Supplier W,Pass,Normal,Normal,Normal,
10394,24-11-2025 00:00,Plant A,Line 2,Widget A,Night,M-07,OP-105,B1054,1434,9,Scratch,65,33.5,71.2,4.57,1.94,MB-237,Supplier Y,Pass,Normal,Normal,Normal,
11394,24-06-2025 00:00,Plant C,Line 1,Widget C,Evening,M-02,OP-117,B1120,913,6,Color Defect,8,37.6,71.2,5.2,3.07,MB-204,Supplier Z,Pass,Normal,Normal,Normal,
10223,23-09-2025 00:00,Plant C,Line 3,Widget C,Night,M-06,OP-145,B1134,1055,3,Dent,130,37.8,71.2,5.27,2.23,MB-217,Supplier Z,Pass,Normal,Normal,Normal,
11187,28-01-2025 00:00,Plant B,Line 3,Widget A,Morning,M-11,OP-120,B1187,776,16,Crack,131,44.9,71.2,4.51,1.45,MB-235,Supplier Z,Pass,Normal,Normal,Normal,
10065,26-09-2025 00:00,Plant C,Line 1,Widget A,Night,M-04,OP-127,B1165,665,21,Scratch,11,49.3,71.2,5.38,2.63,MB-217,Supplier W,Review,Normal,Normal,Normal,
10402,29-12-2025 00:00,Plant B,Line 3,Widget B,Evening,M-06,OP-130,B1102,891,3,Dent,155,54,71.2,5.46,3.85,MB-206,Supplier X,Pass,Normal,Normal,Normal,
11092,07-03-2025 00:00,Plant A,Line 2,Widget C,Evening,M-03,OP-110,B1164,1509,11,Crack,131,40.7,71.1,4.99,2.07,MB-225,Supplier Z,Pass,Normal,Normal,Normal,
10211,30-07-2025 00:00,Plant C,Line 4,Widget A,Morning,M-11,OP-116,B1112,1369,43,Dent,19,49.7,71.1,5.87,1.73,MB-222,Supplier Z,Review,Normal,Normal,Normal,
10612,23-12-2025 00:00,Plant A,Line 3,Widget C,Morning,M-12,OP-108,B1024,629,7,Color Defect,119,59.2,71.1,5.96,1.71,MB-229,Supplier Y,Pass,Normal,Normal,Normal,
10596,02-08-2025 00:00,Plant B,Line 4,Widget D,Evening,M-05,OP-116,B1196,1563,16,Assembly Error,6,44.8,71.1,6.46,2.42,MB-240,Supplier W,Pass,Normal,Normal,Normal,
10981,20-04-2025 00:00,Plant B,Line 4,Widget C,Morning,M-09,OP-120,B1175,824,43,Assembly Error,172,44.9,71.1,5.06,2.66,MB-245,Supplier W,Review,Normal,Normal,Normal,
10364,08-07-2025 00:00,Plant C,Line 3,Widget B,Evening,M-01,OP-144,B1127,1339,10,Scratch,112,55.3,71,4.88,3.87,MB-248,Supplier W,Pass,Normal,Normal,Normal,
10055,13-06-2025 00:00,Plant A,Line 3,Widget C,Evening,M-06,OP-134,B1054,1268,43,Crack,115,29.7,71,4.21,2.96,MB-242,Supplier X,Review,Normal,Normal,Normal,
11222,29-08-2025 00:00,Plant A,Line 2,Widget A,Evening,M-09,OP-138,B1081,962,14,Dimension Error,67,45,71,5.66,0.18,MB-236,Supplier W,Pass,Normal,Normal,Normal,
10855,22-02-2025 00:00,Plant A,Line 3,Widget B,Night,M-01,OP-115,B1014,457,4,Color Defect,18,37.1,71,4.4,2.36,MB-234,Supplier Y,Pass,Normal,Normal,Normal,
10966,25-08-2025 00:00,Plant C,Line 2,Widget C,Morning,M-05,OP-121,B1000,1397,49,Scratch,136,34.8,70.9,4.42,2.44,MB-206,Supplier Z,Review,Normal,Normal,Normal,
10044,31-12-2025 00:00,Plant C,Line 1,Widget D,Morning,M-04,OP-112,B1172,966,13,Dimension Error,134,42.2,70.9,6.56,3.37,MB-226,Supplier X,Pass,Normal,Normal,Normal,
11402,06-09-2025 00:00,Plant A,Line 2,Widget A,Evening,M-11,OP-123,B1098,1599,18,Crack,72,41.2,70.9,3.56,3.96,MB-245,Supplier Y,Pass,Normal,Normal,Normal,
11212,02-10-2025 00:00,Plant C,Line 3,Widget A,Evening,M-12,OP-140,B1143,968,6,Scratch,165,49.5,70.9,5.73,2.1,MB-205,Supplier W,Pass,Normal,Normal,Normal,
10174,20-03-2025 00:00,Plant C,Line 2,Widget C,Night,M-11,OP-122,B1099,957,2,Color Defect,102,38.5,70.9,4.09,4.49,MB-206,Supplier X,Pass,Normal,Normal,Normal,
10144,17-10-2025 00:00,Plant B,Line 2,Widget D,Evening,M-06,OP-111,B1098,637,7,Scratch,76,42.7,70.9,5.22,3.47,MB-215,Supplier Y,Pass,Normal,Normal,Normal,
11282,15-07-2025 00:00,Plant A,Line 2,Widget C,Morning,M-06,OP-121,B1072,1490,22,Scratch,123,32.3,70.8,4.85,2.25,MB-247,Supplier W,Pass,Normal,Normal,Normal,
11479,01-10-2025 00:00,Plant B,Line 1,Widget A,Morning,M-08,OP-117,B1105,1408,56,Assembly Error,64,51.8,70.8,6.11,3.22,MB-216,Supplier Y,Review,Normal,Normal,Normal,
10197,26-01-2025 00:00,Plant C,Line 4,Widget D,Morning,M-06,OP-120,B1007,539,4,Dimension Error,33,36.3,70.8,5.95,3.09,MB-215,Supplier Y,Pass,Normal,Normal,Normal,
11294,20-08-2025 00:00,Plant C,Line 1,Widget C,Morning,M-09,OP-125,B1094,618,2,Color Defect,123,50,70.8,4.61,2.34,MB-218,Supplier Y,Pass,Normal,Normal,Normal,
10239,03-06-2025 00:00,Plant B,Line 2,Widget D,Morning,M-05,OP-137,B1045,501,6,Scratch,57,39.4,70.8,5.81,3.91,MB-203,Supplier Z,Pass,Normal,Normal,Normal,
10919,02-09-2025 00:00,Plant A,Line 3,Widget B,Morning,M-03,OP-133,B1083,893,5,Dent,76,45.8,70.8,4.8,1.42,MB-230,Supplier X,Pass,Normal,Normal,Normal,
11455,15-02-2025 00:00,Plant B,Line 1,Widget D,Night,M-07,OP-103,B1181,1439,39,Dimension Error,93,47.8,70.7,4.95,2.57,MB-238,Supplier Y,Pass,Normal,Normal,Normal,
10048,05-06-2025 00:00,Plant B,Line 1,Widget A,Morning,M-04,OP-141,B1176,1159,3,Dent,152,36.4,70.7,5.2,2.97,MB-200,Supplier W,Pass,Normal,Normal,Normal,
10001,03-08-2025 00:00,Plant C,Line 3,Widget D,Morning,M-08,Unknown,B1130,1576,19,Dent,154,42.6,70.7,5.22,2.33,MB-241,Supplier W,Pass,Normal,Normal,Normal,
10484,24-11-2025 00:00,Plant A,Line 4,Widget B,Evening,M-09,OP-110,B1147,1538,39,Dent,109,47.8,70.7,6.16,2.81,MB-233,Supplier W,Pass,Normal,Normal,Normal,
10396,28-07-2025 00:00,Plant B,Line 4,Widget A,Morning,M-03,OP-109,B1140,728,2,Dimension Error,172,36.9,70.7,5.78,4.39,MB-223,Supplier W,Pass,Normal,Normal,Normal,
10996,02-04-2025 00:00,Plant B,Line 4,Widget A,Evening,M-12,OP-101,B1052,1466,18,Color Defect,179,42.7,70.7,3.85,1.63,MB-207,Supplier Y,Pass,Normal,Normal,Normal,
10482,12-09-2025 00:00,Plant B,Line 2,Widget C,Night,M-06,OP-143,B1081,646,4,Assembly Error,112,38.5,70.6,5.92,1.96,MB-208,Supplier W,Pass,Normal,Normal,Normal,
10890,21-08-2025 00:00,Plant C,Line 3,Widget B,Morning,M-01,OP-149,B1123,1264,17,Color Defect,82,23.7,70.6,5.2,1.18,MB-233,Supplier Z,Pass,Normal,Normal,Normal,
10372,05-06-2025 00:00,Plant A,Line 3,Widget A,Evening,M-05,OP-123,B1083,1200,32,Dimension Error,125,30.2,70.6,4.69,3.44,MB-226,Supplier Y,Pass,Normal,Normal,Normal,
10059,18-04-2025 00:00,Plant B,Line 2,Widget C,Evening,M-02,OP-130,B1012,946,9,Color Defect,145,46.5,70.6,5.18,2.19,MB-215,Supplier W,Pass,Normal,Normal,Normal,
10355,06-11-2025 00:00,Plant B,Line 1,Widget C,Morning,M-07,OP-146,B1151,747,47,Color Defect,50,42.3,70.6,5.39,1.47,MB-236,Supplier Z,Review,Normal,Normal,Normal,
10580,08-10-2025 00:00,Plant B,Line 2,Widget B,Night,M-07,OP-130,B1029,927,9,Dimension Error,170,50.9,70.6,7.77,1.91,MB-200,Supplier Z,Pass,Normal,Normal,Normal,
10949,19-07-2025 00:00,Plant C,Line 3,Widget A,Morning,M-09,OP-149,B1149,841,20,Color Defect,49,38.1,70.6,5.31,3.2,MB-226,Supplier W,Pass,Normal,Normal,Normal,
11355,04-11-2025 00:00,Plant C,Line 2,Widget A,Evening,M-09,OP-106,B1173,1367,12,Crack,148,48.7,70.6,5.44,0.56,MB-211,Supplier X,Pass,Normal,Normal,Normal,
11149,28-06-2025 00:00,Plant A,Line 2,Widget B,Evening,M-09,OP-140,B1065,466,6,Scratch,86,38.1,70.6,5.59,2.47,MB-236,Supplier X,Pass,Normal,Normal,Normal,
11291,25-08-2025 00:00,Plant C,Line 2,Widget C,Night,M-03,OP-111,B1009,1291,44,Assembly Error,17,45.4,70.6,4.8,3.63,MB-220,Supplier W,Review,Normal,Normal,Normal,
10780,18-02-2025 00:00,Plant C,Line 1,Widget A,Evening,M-01,OP-121,B1052,1219,6,Dimension Error,116,40.3,70.6,6.19,1.93,MB-209,Supplier Y,Pass,Normal,Normal,Normal,
11338,12-02-2025 00:00,Plant C,Line 1,Widget D,Morning,M-07,OP-119,B1034,1051,11,Dent,52,48.2,70.6,4.79,3.84,MB-250,Supplier W,Pass,Normal,Normal,Normal,
11280,11-03-2025 00:00,Plant C,Line 3,Widget D,Evening,M-05,OP-108,B1063,894,13,Dimension Error,162,42.9,70.5,6.1,2.63,MB-208,Supplier Z,Pass,Normal,Normal,Normal,
11102,17-12-2025 00:00,Plant C,Line 3,Widget D,Morning,M-10,OP-116,B1030,618,3,Crack,32,35.8,70.5,5.21,3.77,MB-224,Supplier Z,Pass,Normal,Normal,Normal,
10166,30-09-2025 00:00,Plant C,Line 1,Widget C,Evening,M-06,OP-149,B1064,611,7,Scratch,55,46.2,70.5,5.63,3.78,MB-231,Supplier Z,Pass,Normal,Normal,Normal,
11122,06-05-2025 00:00,Plant C,Line 4,Widget B,Night,M-08,OP-115,B1116,1227,4,Dimension Error,53,39.8,70.5,5.97,2.64,MB-243,Supplier Y,Pass,Normal,Normal,Normal,
10170,12-01-2025 00:00,Plant B,Line 1,Widget C,Morning,M-12,OP-117,B1133,1464,20,Scratch,101,49.1,70.5,4.05,3.46,MB-232,Supplier Y,Pass,Normal,Normal,Normal,
10791,26-10-2025 00:00,Plant A,Line 4,Widget D,Evening,M-01,OP-122,B1082,839,2,Color Defect,49,38.2,70.5,4.27,4.42,MB-236,Supplier Z,Pass,Normal,Normal,Normal,
11356,24-04-2025 00:00,Plant B,Line 4,Widget A,Morning,M-09,OP-137,B1068,1031,12,Dent,45,42.9,70.5,5.68,1.89,MB-243,Supplier X,Pass,Normal,Normal,Normal,
10958,30-03-2025 00:00,Plant B,Line 4,Widget C,Morning,M-08,OP-144,B1189,479,2,Scratch,125,42.2,70.5,5.5,3.2,MB-228,Supplier W,Pass,Normal,Normal,Normal,
10931,25-06-2025 00:00,Plant C,Line 3,Widget B,Morning,M-01,OP-101,B1186,1187,7,Assembly Error,168,50,70.4,6.38,4.25,MB-235,Supplier X,Pass,Normal,Normal,Normal,
11173,06-02-2025 00:00,Plant B,Line 4,Widget A,Morning,M-12,OP-141,B1055,1382,13,Crack,84,49.3,70.4,5.05,2.12,MB-231,Supplier X,Pass,Normal,Normal,Normal,
10552,03-09-2025 00:00,Plant C,Line 3,Widget A,Night,M-02,OP-144,B1015,539,13,Assembly Error,134,48.2,70.4,4.97,3.29,MB-221,Supplier W,Pass,Normal,Normal,Normal,
11434,21-05-2025 00:00,Plant A,Line 1,Widget D,Evening,M-01,OP-104,B1127,1191,8,Crack,150,29.6,70.4,5,3.88,MB-227,Supplier Z,Pass,Normal,Normal,Normal,
11233,13-01-2025 00:00,Plant B,Line 4,Widget A,Morning,M-04,OP-117,B1147,958,17,Assembly Error,118,46.7,70.4,4.73,2.62,MB-234,Supplier Y,Pass,Normal,Normal,Normal,
10297,22-12-2025 00:00,Plant C,Line 1,Widget D,Morning,M-12,OP-104,B1033,1459,19,Dimension Error,73,41.9,70.4,4.89,2.64,MB-209,Supplier Y,Pass,Normal,Normal,Normal,
11326,23-12-2025 00:00,Plant C,Line 3,Widget B,Night,M-01,OP-126,B1012,1012,6,Crack,122,37.6,70.4,6.27,1.57,MB-211,Supplier X,Pass,Normal,Normal,Normal,
10668,18-04-2025 00:00,Plant C,Line 3,Widget A,Night,M-12,OP-123,B1033,653,9,Dent,106,39.9,70.4,5.18,2.36,MB-223,Supplier Y,Pass,Normal,Normal,Normal,
10090,05-02-2025 00:00,Plant A,Line 1,Widget D,Morning,M-08,OP-133,B1122,1149,35,Color Defect,74,37.9,70.4,4.59,2.84,MB-204,Supplier W,Review,Normal,Normal,Normal,
11330,21-06-2025 00:00,Plant B,Line 1,Widget C,Morning,M-11,OP-137,B1059,777,23,Color Defect,36,42.7,70.4,4.24,2.24,MB-204,Supplier W,Pass,Normal,Normal,Normal,
11433,14-12-2025 00:00,Plant A,Line 3,Widget B,Morning,M-10,OP-108,B1029,1449,20,Assembly Error,68,44.1,70.3,5.45,1.82,MB-230,Supplier Z,Pass,Normal,Normal,Normal,
10888,01-10-2025 00:00,Plant A,Line 3,Widget D,Evening,M-01,OP-133,B1190,1151,13,Dimension Error,22,47.3,70.3,4.5,2.07,MB-224,Supplier Y,Pass,Normal,Normal,Normal,
10537,01-04-2025 00:00,Plant B,Line 1,Widget B,Night,M-08,OP-101,B1186,763,10,Assembly Error,19,35.9,70.3,3.97,1.56,MB-217,Supplier Z,Pass,Normal,Normal,Normal,
10214,25-02-2025 00:00,Plant C,Line 1,Widget B,Morning,M-09,OP-148,B1001,952,5,Color Defect,108,42.5,70.3,4.44,2.89,MB-225,Supplier X,Pass,Normal,Normal,Normal,
10906,23-04-2025 00:00,Plant A,Line 1,Widget B,Morning,M-11,OP-110,B1158,725,7,Crack,78,32.5,70.3,4.43,2.74,MB-229,Supplier X,Pass,Normal,Normal,Normal,
10146,15-03-2025 00:00,Plant B,Line 4,Widget D,Evening,M-04,OP-132,B1113,1526,11,Assembly Error,18,31,70.3,4.33,1.68,MB-229,Supplier Z,Pass,Normal,Normal,Normal,
10445,12-06-2025 00:00,Plant B,Line 1,Widget C,Night,M-07,OP-113,B1126,996,13,Dimension Error,176,41.4,70.3,5.92,2.14,MB-227,Supplier Z,Pass,Normal,Normal,Normal,
10970,22-01-2025 00:00,Plant C,Line 4,Widget D,Evening,M-03,OP-147,B1160,1541,18,Scratch,46,37.2,70.3,4.31,2.27,MB-206,Supplier X,Pass,Normal,Normal,Normal,
11078,18-04-2025 00:00,Plant C,Line 3,Widget C,Evening,M-03,OP-130,B1159,822,13,Color Defect,33,51.4,70.3,3.56,3.26,MB-247,Supplier Y,Pass,Normal,Normal,Normal,
11418,20-05-2025 00:00,Plant A,Line 1,Widget C,Evening,M-06,OP-117,B1160,461,5,Scratch,179,40.4,70.3,4,3.87,MB-233,Supplier X,Pass,Normal,Normal,Normal,
11184,28-10-2025 00:00,Plant A,Line 1,Widget A,Evening,M-11,OP-142,B1100,1001,4,Scratch,107,45.3,70.3,4.77,2.57,MB-207,Supplier X,Pass,Normal,Normal,Normal,
10135,09-11-2025 00:00,Plant B,Line 4,Widget D,Evening,M-07,OP-134,B1183,1296,15,Crack,160,34.3,70.3,4.95,3.66,MB-219,Supplier Z,Pass,Normal,Normal,Normal,
10971,06-05-2025 00:00,Plant B,Line 2,Widget C,Evening,M-07,OP-140,B1103,1402,7,Dimension Error,76,51.4,70.2,5.58,2.45,MB-204,Supplier W,Pass,Normal,Normal,Normal,
11166,06-03-2025 00:00,Plant A,Line 1,Widget D,Morning,M-06,OP-101,B1179,1112,8,Scratch,13,36.8,70.2,6.51,2.58,MB-202,Supplier Y,Pass,Normal,Normal,Normal,
10817,07-07-2025 00:00,Plant A,Line 2,Widget C,Morning,M-06,OP-108,B1062,659,10,Assembly Error,145,40.6,70.2,5.01,2.6,MB-238,Supplier Y,Pass,Normal,Normal,Normal,
10436,11-08-2025 00:00,Plant C,Line 4,Widget B,Evening,M-09,OP-144,B1188,852,9,Dent,70,51.2,70.2,5.24,3.9,MB-241,Supplier X,Pass,Normal,Normal,Normal,
10159,04-09-2025 00:00,Plant A,Line 2,Widget D,Evening,M-04,OP-147,B1093,1332,15,Dent,69,52.4,70.2,5.44,3.96,MB-236,Supplier Y,Pass,Normal,Normal,Normal,
10420,04-09-2025 00:00,Plant C,Line 1,Widget D,Morning,M-03,OP-146,B1176,662,9,Color Defect,26,47,70.2,4.09,1.21,MB-212,Supplier Y,Pass,Normal,Normal,Normal,
11236,18-04-2025 00:00,Plant B,Line 2,Widget B,Evening,M-06,OP-119,B1061,800,11,Assembly Error,35,41.9,70.2,5.63,4.14,MB-250,Supplier W,Pass,Normal,Normal,Normal,
11019,16-04-2025 00:00,Plant A,Line 3,Widget C,Morning,M-01,OP-121,B1071,472,2,Dent,45,44.3,70.2,4.17,1.62,MB-203,Supplier X,Pass,Normal,Normal,Normal,
11419,25-03-2025 00:00,Plant B,Line 3,Widget A,Evening,M-05,OP-106,B1122,901,5,Assembly Error,100,29.5,70.2,6.01,3.62,MB-211,Supplier Y,Pass,Normal,Normal,Normal,
11365,18-03-2025 00:00,Plant B,Line 1,Widget C,Morning,M-06,OP-105,B1171,769,19,Dimension Error,118,34,70.2,6.28,2.34,MB-225,Supplier Y,Pass,Normal,Normal,Normal,
11241,02-12-2025 00:00,Plant C,Line 3,Widget B,Morning,M-06,OP-141,B1069,941,29,Scratch,51,48.9,70.2,5.57,3.21,MB-219,Supplier W,Review,Normal,Normal,Normal,
11093,22-06-2025 00:00,Plant A,Line 1,Widget C,Night,M-11,OP-128,B1099,632,23,Crack,163,38.4,70.2,5.78,2.35,MB-246,Supplier X,Review,Normal,Normal,Normal,
10636,16-01-2025 00:00,Plant C,Line 4,Widget C,Night,M-03,OP-112,B1029,467,6,Assembly Error,13,43.8,70.2,5.73,1.1,MB-207,Supplier W,Pass,Normal,Normal,Normal,
11357,28-08-2025 00:00,Plant C,Line 1,Widget D,Evening,M-09,OP-108,B1094,1075,16,Dent,63,42.7,70.2,5.55,3.9,MB-248,Supplier Y,Pass,Normal,Normal,Normal,
10096,21-05-2025 00:00,Plant C,Line 2,Widget D,Evening,M-12,OP-106,B1159,1413,103,Dimension Error,97,42.3,70.2,4.15,1.08,MB-204,Supplier Z,Review,Normal,Normal,Normal,
10770,29-03-2025 00:00,Plant A,Line 1,Widget B,Night,M-03,OP-117,B1169,1263,9,Scratch,49,34.6,70.2,4.31,2.51,MB-242,Supplier Y,Pass,Normal,Normal,Normal,
10498,15-02-2025 00:00,Plant C,Line 2,Widget A,Morning,M-03,OP-128,B1124,1194,25,Dimension Error,161,46.6,70.1,5.51,1.88,MB-204,Supplier Z,Pass,Normal,Normal,Normal,
10066,21-08-2025 00:00,Plant A,Line 4,Widget C,Morning,M-08,OP-145,B1162,1038,9,Scratch,74,50.3,70.1,4.25,2.36,MB-236,Supplier X,Pass,Normal,Normal,Normal,
11047,19-04-2025 00:00,Plant B,Line 3,Widget D,Evening,M-10,OP-140,B1073,523,7,Dent,50,25.3,70.1,5.17,4.21,MB-239,Supplier Z,Pass,Normal,Normal,Normal,
10199,12-03-2025 00:00,Plant B,Line 2,Widget C,Evening,M-06,OP-124,B1137,1394,15,Dent,164,40.2,70.1,5.15,3.33,MB-222,Supplier W,Pass,Normal,Normal,Normal,
10261,08-08-2025 00:00,Plant C,Line 2,Widget A,Morning,M-07,OP-127,B1009,916,34,Dent,38,45.1,70.1,4.88,2.63,MB-245,Supplier W,Review,Normal,Normal,Normal,
10769,09-01-2025 00:00,Plant A,Line 3,Widget B,Morning,M-11,Unknown,B1090,1392,35,Color Defect,100,53.5,70.1,4.65,2.05,MB-235,Supplier X,Pass,Normal,Normal,Normal,
10567,23-01-2025 00:00,Plant A,Line 3,Widget C,Evening,M-01,OP-145,B1146,984,10,Assembly Error,91,42.5,70,5.85,1.5,MB-205,Supplier Z,Pass,Normal,Normal,Normal,
10827,17-05-2025 00:00,Plant B,Line 4,Widget A,Night,M-11,OP-115,B1195,581,2,Crack,74,43.6,70,5.19,4.57,MB-212,Supplier Z,Pass,Normal,Normal,Normal,
10708,25-05-2025 00:00,Plant A,Line 1,Widget D,Night,M-04,OP-127,B1042,1076,29,Crack,135,45.3,70,4.68,3.05,MB-220,Supplier Z,Pass,Normal,Normal,Normal,
11300,05-07-2025 00:00,Plant C,Line 4,Widget A,Morning,M-09,OP-142,B1028,1283,82,Color Defect,159,27.2,70,6.01,2.12,MB-250,Supplier Y,Review,Normal,Normal,Normal,
11345,28-04-2025 00:00,Plant A,Line 4,Widget B,Evening,M-06,OP-125,B1116,1413,43,Unknown,168,42.7,70,3.74,3.12,MB-209,Supplier X,Review,Normal,Normal,Normal,
10735,09-03-2025 00:00,Plant B,Line 2,Widget D,Morning,M-01,OP-132,B1060,1273,15,Color Defect,174,37.3,70,6.61,2.62,MB-235,Supplier X,Pass,Normal,Normal,Normal,
10877,04-12-2025 00:00,Plant A,Line 4,Widget C,Evening,M-07,OP-110,B1178,1469,14,Assembly Error,61,50.2,70,5.7,3.71,MB-236,Supplier W,Pass,Normal,Normal,Normal,
10776,03-01-2025 00:00,Plant C,Line 3,Widget A,Morning,M-07,OP-119,B1070,1522,27,Scratch,132,43.5,70,4.89,1.35,MB-240,Supplier X,Pass,Normal,Normal,Normal,
10224,17-03-2025 00:00,Plant A,Line 4,Widget C,Morning,M-10,OP-127,B1026,1462,17,Dent,83,45.3,69.9,5.88,0.46,MB-239,Supplier W,Pass,Normal,Normal,Normal,
10120,21-01-2025 00:00,Plant B,Line 1,Widget B,Morning,M-06,OP-131,B1058,1098,14,Color Defect,132,42.2,69.9,6.63,3.05,MB-233,Supplier Y,Pass,Normal,Normal,Normal,
10152,03-12-2025 00:00,Plant B,Line 2,Widget C,Evening,M-06,OP-117,B1011,1517,49,Dent,120,41.9,69.9,5.22,3.4,MB-237,Supplier X,Review,Normal,Normal,Normal,
10795,05-11-2025 00:00,Plant C,Line 1,Widget C,Morning,M-11,OP-140,B1120,999,13,Assembly Error,34,53.3,69.9,4.68,3.58,MB-235,Supplier X,Pass,Normal,Normal,Normal,
11397,11-05-2025 00:00,Plant B,Line 1,Widget C,Evening,M-06,OP-124,B1138,745,9,Assembly Error,125,39.7,69.9,6.13,2.03,MB-227,Supplier Z,Pass,Normal,Normal,Normal,
10494,15-08-2025 00:00,Plant B,Line 1,Widget D,Morning,M-06,OP-132,B1179,990,27,Color Defect,24,34.8,69.8,0.4,2.82,MB-228,Supplier X,Pass,Normal,Investigate,Normal,
10998,05-12-2025 00:00,Plant B,Line 4,Widget D,Night,M-08,OP-106,B1131,1184,12,Color Defect,162,38.8,69.8,6.84,1.6,MB-220,Supplier X,Pass,Normal,Normal,Normal,
10078,12-06-2025 00:00,Plant A,Line 1,Widget C,Evening,M-12,OP-136,B1044,1557,99,Dent,155,31.1,69.8,3.52,3.08,MB-229,Supplier X,Review,Normal,Normal,Normal,
10733,26-05-2025 00:00,Plant C,Line 3,Widget B,Evening,M-12,OP-108,B1156,741,7,Scratch,153,49.3,69.8,5.35,1.35,MB-235,Supplier X,Pass,Normal,Normal,Normal,
11439,22-11-2025 00:00,Plant C,Line 4,Widget A,Morning,M-10,OP-140,B1154,1345,17,Crack,56,28.5,69.8,5.33,0.47,MB-204,Supplier X,Pass,Normal,Normal,Normal,
10609,18-12-2025 00:00,Plant C,Line 3,Widget D,Morning,M-08,OP-117,B1183,838,3,Assembly Error,21,51,69.8,4.75,2.16,MB-231,Supplier Y,Pass,Normal,Normal,Normal,
10777,16-07-2025 00:00,Plant C,Line 1,Widget D,Night,M-11,OP-140,B1140,1365,4,Crack,9,41.2,69.8,5.76,5.77,MB-237,Supplier Z,Pass,Normal,Normal,Normal,
10629,05-06-2025 00:00,Plant C,Line 2,Widget B,Evening,M-03,OP-138,B1028,1385,20,Assembly Error,155,51.7,69.7,4.49,3.07,MB-244,Supplier Z,Pass,Normal,Normal,Normal,
10353,28-08-2025 00:00,Plant B,Line 3,Widget B,Evening,M-05,OP-141,B1175,1547,11,Assembly Error,6,47.1,69.7,5.34,3.28,MB-246,Supplier Y,Pass,Normal,Normal,Normal,
11459,09-01-2025 00:00,Plant A,Line 1,Widget C,Morning,M-08,OP-103,B1165,888,85,Assembly Error,103,50.4,69.7,5,2.02,MB-224,Supplier Z,Review,Normal,Normal,Normal,
10824,13-03-2025 00:00,Plant B,Line 1,Widget D,Morning,M-02,OP-146,B1071,1140,28,Color Defect,80,42.2,69.7,5.85,2.96,MB-200,Supplier X,Pass,Normal,Normal,Normal,
10804,02-07-2025 00:00,Plant B,Line 1,Widget D,Morning,M-10,OP-115,B1077,534,14,Unknown,116,39.7,69.7,4.17,2.46,MB-235,Supplier W,Pass,Normal,Normal,Normal,
11267,04-09-2025 00:00,Plant B,Line 3,Widget B,Evening,M-04,OP-112,B1037,822,5,Assembly Error,105,58.7,69.7,5.94,2.07,MB-210,Supplier W,Pass,Normal,Normal,Normal,
10460,01-10-2025 00:00,Plant B,Line 4,Widget C,Morning,M-12,OP-106,B1128,1144,14,Dimension Error,12,39.5,69.7,4.66,1.52,MB-211,Supplier X,Pass,Normal,Normal,Normal,
11216,23-12-2025 00:00,Plant C,Line 3,Widget B,Evening,M-04,OP-144,B1111,1529,7,Dimension Error,21,48.1,69.7,4.33,3.48,MB-218,Supplier X,Pass,Normal,Normal,Normal,
10568,08-11-2025 00:00,Plant C,Line 3,Widget C,Night,M-08,OP-102,B1055,1377,20,Assembly Error,32,32.4,69.6,5.08,1.76,MB-240,Supplier W,Pass,Normal,Normal,Normal,
11133,01-03-2025 00:00,Plant C,Line 2,Widget A,Night,M-11,OP-145,B1030,681,9,Color Defect,142,35.2,69.6,4.43,2.18,MB-201,Supplier Y,Pass,Normal,Normal,Normal,
10604,22-03-2025 00:00,Plant A,Line 1,Widget A,Night,M-02,OP-132,B1117,1321,19,Dimension Error,137,32.4,69.6,6.04,1.88,MB-212,Supplier W,Pass,Normal,Normal,Normal,
11372,08-04-2025 00:00,Plant B,Line 3,Widget C,Evening,M-04,OP-133,B1189,1052,40,Crack,106,40.2,69.6,4.98,4.29,MB-240,Supplier Y,Review,Normal,Normal,Normal,
10023,06-10-2025 00:00,Plant A,Line 3,Widget A,Morning,M-01,OP-120,B1111,545,4,Color Defect,90,37.9,69.6,4.87,3.88,MB-227,Supplier Y,Pass,Normal,Normal,Normal,
11435,27-01-2025 00:00,Plant C,Line 2,Widget C,Evening,M-09,OP-119,B1001,995,37,Assembly Error,96,44.3,69.6,5.47,3.78,MB-200,Supplier X,Review,Normal,Normal,Normal,
10231,10-02-2025 00:00,Plant B,Line 4,Widget B,Evening,M-12,OP-140,B1072,870,9,Crack,80,42.6,69.6,5.55,3.23,MB-238,Supplier W,Pass,Normal,Normal,Normal,
11085,19-07-2025 00:00,Plant A,Line 1,Widget D,Evening,M-07,OP-117,B1102,739,8,Color Defect,137,35.2,69.5,6.78,1.33,MB-234,Supplier X,Pass,Normal,Normal,Normal,
11296,08-08-2025 00:00,Plant A,Line 4,Widget D,Morning,M-09,OP-138,B1053,1327,13,Crack,134,50.2,69.5,6.6,2.91,MB-215,Supplier W,Pass,Normal,Normal,Normal,
11337,10-07-2025 00:00,Plant A,Line 3,Widget C,Evening,M-07,OP-113,B1112,1380,39,Assembly Error,6,35.1,69.5,5.65,2.06,MB-234,Supplier X,Pass,Normal,Normal,Normal,
11428,27-04-2025 00:00,Plant A,Line 2,Widget A,Night,M-05,OP-139,B1134,1196,12,Color Defect,164,36.3,69.5,4.61,1.32,MB-215,Supplier W,Pass,Normal,Normal,Normal,
10457,07-03-2025 00:00,Plant C,Line 1,Widget D,Night,M-06,OP-125,B1111,1467,9,Crack,22,36.8,69.5,5.77,2.25,MB-235,Supplier Z,Pass,Normal,Normal,Normal,
10444,31-01-2025 00:00,Plant A,Line 2,Widget C,Morning,M-11,OP-118,B1110,693,5,Crack,105,34.4,69.5,6.34,2.82,MB-244,Supplier Y,Pass,Normal,Normal,Normal,
10854,13-02-2025 00:00,Plant B,Line 1,Widget C,Night,M-10,OP-124,B1139,1281,6,Dimension Error,64,42.2,69.5,5.87,0.02,MB-219,Supplier Z,Pass,Normal,Normal,Normal,
10018,27-02-2025 00:00,Plant C,Line 2,Widget A,Morning,M-07,OP-109,B1139,819,7,Dimension Error,133,39.7,69.5,5.45,1.03,MB-247,Supplier X,Pass,Normal,Normal,Normal,
10518,21-11-2025 00:00,Plant B,Line 1,Widget A,Morning,M-03,OP-132,B1111,1092,21,Crack,28,30.8,69.5,5.65,4.14,MB-241,Supplier Z,Pass,Normal,Normal,Normal,
11110,21-07-2025 00:00,Plant B,Line 3,Widget D,Morning,M-07,OP-126,B1052,1124,7,Crack,70,48.1,69.5,3.28,3.29,MB-246,Supplier Z,Pass,Normal,Normal,Normal,
11480,18-07-2025 00:00,Plant C,Line 2,Widget C,Evening,M-10,OP-135,B1128,1098,5,Scratch,49,41.3,69.4,4.56,0.73,MB-203,Supplier Z,Pass,Normal,Normal,Normal,
10614,02-05-2025 00:00,Plant C,Line 3,Widget C,Morning,M-12,OP-132,B1152,1048,6,Crack,96,50.3,69.4,4.34,4.6,MB-204,Supplier W,Pass,Normal,Normal,Normal,
10690,16-04-2025 00:00,Plant C,Line 2,Widget B,Morning,M-05,OP-116,B1078,1557,10,Assembly Error,137,33,69.4,5.56,2.73,MB-201,Supplier Y,Pass,Normal,Normal,Normal,
10557,23-04-2025 00:00,Plant A,Line 1,Widget A,Evening,M-03,OP-116,B1155,983,14,Color Defect,102,40.5,69.4,5.15,1.72,MB-244,Supplier W,Pass,Normal,Normal,Normal,
11412,07-03-2025 00:00,Plant C,Line 3,Widget D,Morning,M-10,OP-137,B1127,613,6,Crack,98,41.7,69.4,4.31,3.53,MB-214,Supplier X,Pass,Normal,Normal,Normal,
10841,11-05-2025 00:00,Plant C,Line 1,Widget B,Evening,M-05,OP-127,B1101,778,27,Scratch,39,34.4,69.4,4.95,3.21,MB-235,Supplier W,Review,Normal,Normal,Normal,
10386,15-11-2025 00:00,Plant A,Line 3,Widget D,Morning,M-08,OP-111,B1127,1051,8,Assembly Error,158,45.1,69.4,4.75,3.54,MB-235,Supplier Z,Pass,Normal,Normal,Normal,
10793,27-07-2025 00:00,Plant C,Line 3,Widget A,Night,M-08,OP-141,B1183,1157,13,Assembly Error,35,43.6,69.3,5.92,2.27,MB-214,Supplier Z,Pass,Normal,Normal,Normal,
10673,12-12-2025 00:00,Plant C,Line 4,Widget A,Morning,M-10,OP-134,B1068,1503,4,Scratch,99,47.3,69.3,4.88,3.34,MB-242,Supplier X,Pass,Normal,Normal,Normal,
11053,04-12-2025 00:00,Plant C,Line 3,Widget A,Evening,M-06,OP-124,B1047,749,17,Assembly Error,118,47.4,69.3,5.64,4.17,MB-216,Supplier Z,Pass,Normal,Normal,Normal,
11259,18-01-2025 00:00,Plant C,Line 2,Widget C,Night,M-09,OP-104,B1114,826,28,Dimension Error,145,32,69.3,5.34,2.77,MB-245,Supplier Y,Review,Normal,Normal,Normal,
10137,20-02-2025 00:00,Plant B,Line 2,Widget C,Morning,M-05,OP-130,B1169,1006,7,Dent,126,46.9,69.3,6.14,3.21,MB-248,Supplier X,Pass,Normal,Normal,Normal,
10556,09-10-2025 00:00,Plant A,Line 1,Widget A,Morning,M-03,OP-112,B1121,1235,108,Color Defect,36,49.6,69.3,4.4,5.21,MB-233,Supplier Y,Review,Normal,Normal,Normal,
11203,10-02-2025 00:00,Plant C,Line 4,Widget A,Morning,M-06,OP-145,B1030,473,17,Color Defect,161,59.1,69.3,5.56,2.19,MB-246,Supplier X,Review,Normal,Normal,Normal,
11200,25-12-2025 00:00,Plant C,Line 2,Widget C,Morning,M-02,OP-134,B1083,681,4,Dent,123,47.1,69.3,4.86,2.07,MB-243,Supplier Z,Pass,Normal,Normal,Normal,
10263,25-08-2025 00:00,Plant C,Line 3,Widget A,Evening,M-06,OP-107,B1171,1118,36,Assembly Error,91,44.4,69.3,4.12,3.03,MB-235,Supplier X,Review,Normal,Normal,Normal,
11201,22-12-2025 00:00,Plant B,Line 3,Widget B,Evening,M-07,OP-122,B1130,879,3,Assembly Error,161,49.6,69.2,5.21,2.6,MB-221,Supplier Z,Pass,Normal,Normal,Normal,
10378,15-04-2025 00:00,Plant B,Line 2,Widget D,Morning,M-07,OP-109,B1133,1034,6,Scratch,52,31.5,69.2,5.98,1.98,MB-236,Supplier Z,Pass,Normal,Normal,Normal,
11002,31-10-2025 00:00,Plant C,Line 3,Widget D,Morning,M-10,OP-114,B1095,664,2,Dent,143,51.8,69.2,5.77,3.27,MB-217,Supplier Y,Pass,Normal,Normal,Normal,
10334,09-05-2025 00:00,Plant C,Line 4,Widget C,Morning,M-12,OP-113,B1040,1064,6,Dimension Error,134,41.5,69.2,5.34,1.14,MB-210,Unknown,Pass,Normal,Normal,Normal,
10302,17-01-2025 00:00,Plant B,Line 4,Widget C,Morning,M-01,OP-101,B1078,756,3,Dent,36,52,69.2,6.36,2.71,MB-221,Supplier Z,Pass,Normal,Normal,Normal,
11385,10-11-2025 00:00,Plant C,Line 2,Widget A,Evening,M-05,OP-144,B1133,489,4,Dimension Error,30,48.7,69.2,5.15,2.3,MB-248,Supplier X,Pass,Normal,Normal,Normal,
10647,18-04-2025 00:00,Plant B,Line 3,Widget D,Evening,M-07,OP-126,B1024,1031,19,Dimension Error,40,28.9,69.2,4.82,2.93,MB-203,Supplier Y,Pass,Normal,Normal,Normal,
11315,15-05-2025 00:00,Plant A,Line 1,Widget C,Night,M-11,OP-110,B1128,975,13,Dimension Error,160,51.6,69.1,5.3,2.91,MB-208,Supplier W,Pass,Normal,Normal,Normal,
10376,19-10-2025 00:00,Plant A,Line 3,Widget D,Night,M-07,OP-113,B1023,845,10,Assembly Error,156,46,69.1,7.47,4.6,MB-238,Supplier Y,Pass,Normal,Normal,Normal,
10794,31-08-2025 00:00,Plant A,Line 2,Widget A,Morning,M-01,OP-143,B1056,803,11,Dent,142,35.8,69.1,5.36,2.55,MB-230,Supplier Z,Pass,Normal,Normal,Normal,
10895,24-02-2025 00:00,Plant A,Line 3,Widget A,Morning,M-12,OP-104,B1105,1319,76,Crack,94,41.5,69.1,5.13,2.44,MB-219,Supplier X,Review,Normal,Normal,Normal,
10168,05-12-2025 00:00,Plant C,Line 4,Widget C,Morning,M-10,OP-133,B1013,1412,39,Scratch,166,31.4,69.1,5.91,3.43,MB-232,Supplier X,Pass,Normal,Normal,Normal,
10258,08-01-2025 00:00,Plant C,Line 4,Widget C,Morning,M-09,OP-130,B1116,1072,41,Scratch,15,38.7,69.1,5.2,4.07,MB-211,Supplier X,Review,Normal,Normal,Normal,
10104,05-10-2025 00:00,Plant B,Line 4,Widget A,Evening,M-03,OP-146,B1112,632,2,Dent,124,47.2,69.1,5.44,0.97,MB-220,Supplier X,Pass,Normal,Normal,Normal,
11018,15-11-2025 00:00,Plant B,Line 3,Widget B,Evening,M-02,OP-102,B1026,595,5,Crack,10,48.7,69.1,6.66,3.99,MB-243,Supplier Y,Pass,Normal,Normal,Normal,
11295,22-09-2025 00:00,Plant B,Line 1,Widget A,Morning,M-08,OP-127,B1090,1233,18,Crack,78,35.7,69.1,5.59,1.89,MB-205,Supplier Y,Pass,Normal,Normal,Normal,
11484,16-12-2025 00:00,Plant A,Line 3,Widget C,Morning,M-08,OP-141,B1164,720,5,Color Defect,59,24,69,4.98,2.28,MB-213,Supplier X,Pass,Normal,Normal,Normal,
10424,14-08-2025 00:00,Plant A,Line 2,Widget D,Night,M-02,OP-107,B1111,1588,50,Color Defect,131,49.7,69,5.08,1.52,MB-220,Supplier Z,Review,Normal,Normal,Normal,
10293,18-09-2025 00:00,Plant A,Line 3,Widget B,Morning,M-12,OP-104,B1094,1578,60,Assembly Error,150,41.1,69,4.05,2.22,MB-236,Supplier Z,Review,Normal,Normal,Normal,
10200,18-02-2025 00:00,Plant A,Line 1,Widget D,Night,M-10,OP-122,B1003,559,11,Dimension Error,86,48.2,69,3.67,2.63,MB-227,Supplier Y,Pass,Normal,Normal,Normal,
10622,22-05-2025 00:00,Plant B,Line 3,Widget C,Evening,M-08,OP-146,B1007,980,31,Color Defect,73,46.3,69,4.68,4.2,MB-205,Supplier Z,Review,Normal,Normal,Normal,
11086,08-11-2025 00:00,Plant C,Line 2,Widget B,Night,M-11,OP-104,B1140,521,6,Dent,85,50.4,69,5.58,3.57,MB-243,Supplier X,Pass,Normal,Normal,Normal,
10704,25-03-2025 00:00,Plant A,Line 3,Widget C,Evening,M-06,OP-132,B1005,1294,26,Dimension Error,98,51.3,69,4.96,0.7,MB-230,Supplier W,Pass,Normal,Normal,Normal,
10254,19-06-2025 00:00,Plant C,Line 2,Widget D,Evening,M-06,OP-127,B1136,762,3,Crack,113,32.9,69,4.32,2.84,MB-248,Supplier Z,Pass,Normal,Normal,Normal,
10528,25-12-2025 00:00,Plant A,Line 2,Widget C,Evening,M-04,OP-124,B1150,1416,4,Assembly Error,180,33.6,68.9,4.97,2.18,MB-235,Supplier X,Pass,Normal,Normal,Normal,
11442,16-09-2025 00:00,Plant A,Line 3,Widget A,Night,M-02,OP-139,B1094,1288,11,Color Defect,51,34.7,68.9,5.26,1.83,MB-222,Supplier Y,Pass,Normal,Normal,Normal,
10860,18-06-2025 00:00,Plant B,Line 3,Widget C,Morning,M-01,OP-133,B1086,672,9,Dimension Error,77,28,68.9,3.65,1.8,MB-239,Supplier Y,Pass,Normal,Normal,Normal,
10495,14-01-2025 00:00,Plant A,Line 1,Widget D,Morning,M-07,OP-116,B1070,1172,10,Dimension Error,159,42.7,68.8,4.8,2.52,MB-246,Supplier W,Pass,Normal,Normal,Normal,
11289,20-06-2025 00:00,Plant B,Line 2,Widget A,Night,M-08,OP-109,B1008,1597,34,Assembly Error,133,46,68.8,4.96,2.6,MB-224,Supplier X,Pass,Normal,Normal,Normal,
10991,18-05-2025 00:00,Plant B,Line 2,Widget C,Morning,M-11,OP-148,B1044,1440,12,Dent,121,43.5,68.8,4.37,1.94,MB-237,Supplier Y,Pass,Normal,Normal,Normal,
10734,27-05-2025 00:00,Plant B,Line 4,Widget B,Evening,M-11,OP-114,B1130,483,3,Dent,54,33.2,68.8,4.36,2.3,MB-234,Supplier X,Pass,Normal,Normal,Normal,
11043,10-02-2025 00:00,Plant C,Line 3,Widget A,Morning,M-08,OP-134,B1042,537,18,Dimension Error,92,36,68.8,4.6,3.35,MB-224,Supplier X,Review,Normal,Normal,Normal,
11287,14-05-2025 00:00,Plant B,Line 1,Widget D,Morning,M-05,OP-138,B1195,1549,39,Crack,54,40.7,68.7,4.66,0.77,MB-214,Supplier X,Pass,Normal,Normal,Normal,
11384,22-06-2025 00:00,Plant A,Line 2,Widget C,Morning,M-11,OP-148,B1153,940,69,Assembly Error,71,39.1,68.7,6.08,5.02,MB-225,Supplier X,Review,Normal,Normal,Normal,
10880,03-11-2025 00:00,Plant C,Line 1,Widget B,Evening,M-09,OP-109,B1100,533,5,Dent,156,46.7,68.7,4.27,3.14,MB-205,Supplier W,Pass,Normal,Normal,Normal,
11031,20-06-2025 00:00,Plant B,Line 3,Widget A,Morning,M-10,OP-119,B1172,1138,31,Scratch,177,55.4,68.7,5.57,2.97,MB-212,Supplier Y,Pass,Normal,Normal,Normal,
10732,09-05-2025 00:00,Plant C,Line 1,Widget B,Morning,M-05,OP-126,B1060,536,5,Dimension Error,127,36,68.7,6.35,1.8,MB-238,Supplier Z,Pass,Normal,Normal,Normal,
10451,06-09-2025 00:00,Plant C,Line 4,Widget D,Evening,M-02,OP-124,B1030,947,3,Dent,159,43.1,68.7,4.94,4.02,MB-243,Supplier Y,Pass,Normal,Normal,Normal,
10516,24-01-2025 00:00,Plant B,Line 3,Widget A,Morning,M-03,OP-137,B1142,828,4,Color Defect,55,39.2,68.7,4.83,4.98,MB-250,Supplier X,Pass,Normal,Normal,Normal,
11391,05-10-2025 00:00,Plant A,Line 3,Widget D,Morning,M-07,OP-121,B1018,834,4,Assembly Error,92,32.4,68.7,5.74,4.02,MB-202,Supplier W,Pass,Normal,Normal,Normal,
10242,07-07-2025 00:00,Plant B,Line 4,Widget A,Evening,M-06,OP-126,B1003,840,7,Dimension Error,5,41.2,68.7,4.52,1.67,MB-242,Supplier Z,Pass,Normal,Normal,Normal,
10988,09-04-2025 00:00,Plant B,Line 1,Widget D,Evening,M-05,OP-145,B1117,1101,92,Dent,56,46.2,68.6,7.26,2.73,MB-232,Supplier W,Review,Normal,Normal,Normal,
10899,26-06-2025 00:00,Plant C,Line 3,Widget D,Evening,M-05,OP-131,B1116,1185,35,Dimension Error,70,48,68.6,6.48,3.9,MB-245,Supplier X,Pass,Normal,Normal,Normal,
10600,05-08-2025 00:00,Plant B,Line 4,Widget B,Morning,M-01,OP-107,B1061,1064,18,Assembly Error,52,49.5,68.6,6.15,1.8,MB-215,Supplier W,Pass,Normal,Normal,Normal,
10602,26-10-2025 00:00,Plant B,Line 1,Widget A,Morning,M-08,OP-111,B1051,1001,9,Dent,21,38.7,68.6,4.64,3.59,MB-207,Supplier W,Pass,Normal,Normal,Normal,
11145,08-10-2025 00:00,Plant C,Line 2,Widget C,Night,M-12,OP-111,B1112,915,12,Dimension Error,7,46.7,68.6,5.14,2.24,MB-246,Supplier W,Pass,Normal,Normal,Normal,
10660,25-05-2025 00:00,Plant B,Line 4,Widget C,Morning,M-01,OP-143,B1068,1207,15,Crack,84,40,68.6,4.61,2.38,MB-247,Supplier X,Pass,Normal,Normal,Normal,
11087,12-05-2025 00:00,Plant B,Line 4,Widget D,Morning,M-09,OP-144,B1108,1247,5,Scratch,41,38.3,68.6,5.11,1.53,MB-250,Supplier Z,Pass,Normal,Normal,Normal,
11231,07-12-2025 00:00,Plant C,Line 1,Widget C,Night,M-11,OP-123,B1159,697,3,Scratch,21,53.6,68.5,5.28,2.99,MB-236,Supplier Y,Pass,Normal,Normal,Normal,
11220,05-05-2025 00:00,Plant C,Line 4,Widget C,Morning,M-05,OP-131,B1092,996,12,Assembly Error,45,55.6,68.5,5.34,2.84,MB-240,Supplier X,Pass,Normal,Normal,Normal,
11081,11-05-2025 00:00,Plant B,Line 1,Widget D,Evening,M-08,OP-132,B1070,1227,14,Scratch,168,41.1,68.5,5.06,2.66,MB-236,Supplier W,Pass,Normal,Normal,Normal,
10771,29-06-2025 00:00,Plant A,Line 4,Widget D,Morning,M-02,OP-134,B1111,766,7,Assembly Error,5,36.1,68.5,5.19,1.79,MB-214,Supplier X,Pass,Normal,Normal,Normal,
11179,11-10-2025 00:00,Plant B,Line 4,Widget D,Night,M-10,Unknown,B1004,1369,18,Assembly Error,105,40.7,68.4,5.82,4.37,MB-236,Supplier X,Pass,Normal,Normal,Normal,
10766,07-01-2025 00:00,Plant A,Line 2,Widget A,Morning,M-10,OP-142,B1186,1433,21,Crack,176,29.8,68.4,4.99,2.25,MB-243,Supplier Y,Pass,Normal,Normal,Normal,
10268,01-02-2025 00:00,Plant A,Line 4,Widget B,Morning,M-04,OP-106,B1061,546,6,Crack,38,41.3,68.4,4.74,4,MB-236,Supplier Z,Pass,Normal,Normal,Normal,
11452,22-10-2025 00:00,Plant B,Line 4,Widget C,Evening,M-05,OP-150,B1154,1325,11,Dent,30,37.7,68.4,5.59,2.23,MB-203,Supplier Z,Pass,Normal,Normal,Normal,
10094,12-01-2025 00:00,Plant C,Line 1,Widget B,Evening,M-03,OP-130,B1157,760,3,Dimension Error,138,39.5,68.4,4.76,3.88,MB-234,Supplier Y,Pass,Normal,Normal,Normal,
11249,22-10-2025 00:00,Plant B,Line 1,Widget C,Morning,M-08,OP-136,B1096,1087,15,Crack,5,45.1,68.4,5.5,2.58,MB-208,Supplier Y,Pass,Normal,Normal,Normal,
10167,08-09-2025 00:00,Plant A,Line 1,Widget A,Morning,M-06,OP-120,B1051,1474,5,Dent,7,44.2,68.4,4.63,4.86,MB-200,Supplier X,Pass,Normal,Normal,Normal,
11268,01-12-2025 00:00,Plant C,Line 3,Widget D,Evening,M-02,OP-120,B1043,701,6,Dent,121,30.2,68.4,6.63,1.96,MB-210,Supplier Y,Pass,Normal,Normal,Normal,
10678,25-01-2025 00:00,Plant C,Line 2,Widget A,Evening,M-05,OP-118,B1187,1223,28,Color Defect,150,47.7,68.3,4.56,3.92,MB-220,Supplier Y,Pass,Normal,Normal,Normal,
10328,21-06-2025 00:00,Plant C,Line 4,Widget C,Night,M-02,OP-113,B1109,1192,18,Scratch,73,54.4,68.3,4.58,3.4,MB-224,Supplier Y,Pass,Normal,Normal,Normal,
11346,05-02-2025 00:00,Plant A,Line 1,Widget D,Morning,M-09,OP-146,B1173,464,6,Dent,134,42.8,68.3,5.87,3.05,MB-211,Supplier W,Pass,Normal,Normal,Normal,
11448,18-03-2025 00:00,Plant B,Line 4,Widget C,Night,M-07,OP-127,B1162,923,13,Dent,46,47.9,68.3,7.11,2.92,MB-214,Supplier X,Pass,Normal,Normal,Normal,
11229,05-11-2025 00:00,Plant A,Line 1,Widget B,Night,M-04,OP-117,B1138,857,9,Assembly Error,16,42,68.3,4.74,2.84,MB-243,Supplier X,Pass,Normal,Normal,Normal,
11257,02-04-2025 00:00,Plant C,Line 4,Widget A,Morning,M-03,OP-113,B1096,958,9,Assembly Error,57,33.3,68.3,6.37,3.51,MB-248,Supplier Z,Pass,Normal,Normal,Normal,
10564,28-06-2025 00:00,Plant A,Line 3,Widget A,Evening,M-04,OP-134,B1121,1342,46,Dimension Error,113,45.3,68.3,5.26,3.74,MB-217,Supplier W,Review,Normal,Normal,Normal,
10743,23-03-2025 00:00,Plant B,Line 2,Widget D,Night,M-07,OP-138,B1177,1042,61,Crack,120,41.4,68.3,4.79,2.25,MB-203,Supplier Z,Review,Normal,Normal,Normal,
10968,13-01-2025 00:00,Plant C,Line 2,Widget C,Evening,M-02,OP-150,B1073,1569,20,Crack,85,37.4,68.2,4.84,1.36,MB-234,Supplier Y,Pass,Normal,Normal,Normal,
10590,22-06-2025 00:00,Plant B,Line 4,Widget D,Evening,M-11,OP-138,B1195,1296,13,Dimension Error,89,52.2,68.2,4.62,2.95,MB-229,Supplier X,Pass,Normal,Normal,Normal,
11190,06-06-2025 00:00,Plant B,Line 4,Widget D,Morning,M-02,OP-140,B1060,1155,11,Dimension Error,136,36.1,68.2,4.39,1.59,MB-247,Supplier Z,Pass,Normal,Normal,Normal,
11196,06-06-2025 00:00,Plant C,Line 1,Widget A,Night,M-09,OP-112,B1175,956,5,Assembly Error,87,35.2,68.2,5.94,0.86,MB-250,Supplier Y,Pass,Normal,Normal,Normal,
11298,24-01-2025 00:00,Plant A,Line 2,Widget D,Evening,M-03,OP-137,B1119,1458,30,Color Defect,160,34.3,68.2,4.64,2.52,MB-236,Supplier W,Pass,Normal,Normal,Normal,
10244,19-07-2025 00:00,Plant B,Line 3,Widget A,Evening,M-05,OP-130,B1169,706,4,Dimension Error,37,44.8,68.1,3.96,4.07,MB-220,Supplier W,Pass,Normal,Normal,Normal,
11446,07-02-2025 00:00,Plant B,Line 2,Widget C,Morning,M-10,OP-140,B1053,1245,3,Dent,145,33.8,68.1,5.52,4.13,MB-230,Supplier W,Pass,Normal,Normal,Normal,
10036,29-12-2025 00:00,Plant C,Line 4,Widget A,Night,M-06,OP-135,B1114,1115,24,Assembly Error,19,44.1,68.1,5.41,1.38,MB-216,Supplier Z,Pass,Normal,Normal,Normal,
10477,24-01-2025 00:00,Plant C,Line 4,Widget A,Morning,M-05,OP-107,B1199,1467,15,Scratch,126,45.3,68.1,5.12,1.58,MB-228,Supplier Y,Pass,Normal,Normal,Normal,
11269,16-04-2025 00:00,Plant C,Line 2,Widget B,Morning,M-08,OP-144,B1089,861,13,Scratch,137,40.4,68.1,5.09,0.16,MB-201,Supplier W,Pass,Normal,Normal,Normal,
10551,15-05-2025 00:00,Plant B,Line 1,Widget D,Morning,M-09,OP-136,B1141,671,10,Crack,76,40.3,68.1,5.2,3.31,MB-224,Supplier Z,Pass,Normal,Normal,Normal,
10071,10-12-2025 00:00,Plant C,Line 4,Widget A,Morning,M-05,OP-118,B1063,970,4,Color Defect,86,59.3,68,6.02,1.6,MB-232,Supplier W,Pass,Normal,Normal,Normal,
10102,07-02-2025 00:00,Plant C,Line 4,Widget D,Night,M-08,OP-140,B1152,948,4,Dent,77,33.2,68,5.42,1.78,MB-213,Supplier X,Pass,Normal,Normal,Normal,
10583,13-03-2025 00:00,Plant B,Line 2,Widget C,Evening,M-08,OP-140,B1151,1149,24,Color Defect,42,36.7,68,4.82,2.02,MB-221,Supplier Z,Pass,Normal,Normal,Normal,
10249,06-10-2025 00:00,Plant C,Line 2,Widget C,Evening,M-09,OP-118,B1189,461,7,Dimension Error,145,40.2,68,4.43,3.35,MB-227,Supplier Z,Pass,Normal,Normal,Normal,
11079,30-03-2025 00:00,Plant A,Line 2,Widget C,Morning,M-12,OP-134,B1030,1297,10,Assembly Error,84,34.1,68,5.77,0.72,MB-222,Supplier Z,Pass,Normal,Normal,Normal,
10470,08-05-2025 00:00,Plant B,Line 3,Widget C,Night,M-06,OP-125,B1191,1270,16,Dimension Error,28,39.4,68,6.04,0.34,MB-233,Supplier W,Pass,Normal,Normal,Normal,
10563,17-04-2025 00:00,Plant A,Line 1,Widget D,Evening,M-08,OP-138,B1188,1202,116,Crack,85,39.3,68,6.43,3.17,MB-245,Supplier W,Review,Normal,Normal,Normal,
10375,12-02-2025 00:00,Plant B,Line 3,Widget B,Morning,M-05,OP-111,B1064,520,2,Dimension Error,38,49.9,67.9,6.21,2.27,MB-220,Supplier W,Pass,Normal,Normal,Normal,
10332,15-02-2025 00:00,Plant B,Line 2,Widget B,Evening,M-11,OP-141,B1071,1000,9,Assembly Error,78,46.8,67.9,4.34,0.51,MB-211,Supplier Z,Pass,Normal,Normal,Normal,
10905,19-10-2025 00:00,Plant A,Line 4,Widget A,Morning,M-05,OP-117,B1086,1249,15,Crack,157,46.4,67.9,4.31,3.63,MB-203,Supplier W,Pass,Normal,Normal,Normal,
10350,08-08-2025 00:00,Plant B,Line 2,Widget A,Evening,M-04,OP-127,B1099,1195,4,Dent,9,39.9,67.9,7.35,3.71,MB-225,Supplier X,Pass,Normal,Normal,Normal,
10496,21-10-2025 00:00,Plant B,Line 4,Widget C,Morning,M-06,OP-124,B1052,456,21,Assembly Error,132,43.3,67.9,4.21,3.99,MB-212,Supplier X,Review,Normal,Normal,Normal,
10628,04-12-2025 00:00,Plant B,Line 1,Widget C,Evening,M-08,OP-125,B1092,1497,21,Assembly Error,131,47.4,67.9,4.98,2.66,MB-247,Supplier X,Pass,Normal,Normal,Normal,
11495,10-01-2025 00:00,Plant B,Line 3,Widget D,Night,M-02,OP-125,B1006,1578,19,Color Defect,130,39,67.8,4.43,2.21,MB-207,Supplier Y,Pass,Normal,Normal,Normal,
10425,02-10-2025 00:00,Plant B,Line 4,Widget B,Evening,M-06,OP-117,B1123,833,5,Dent,93,46.9,67.8,5.41,2.93,MB-225,Supplier W,Pass,Normal,Normal,Normal,
10687,28-07-2025 00:00,Plant A,Line 3,Widget B,Evening,M-04,OP-129,B1064,727,21,Dimension Error,69,45.3,67.8,5.92,4.9,MB-225,Supplier Y,Pass,Normal,Normal,Normal,
10848,28-07-2025 00:00,Plant C,Line 4,Widget B,Morning,M-12,OP-129,B1068,899,3,Assembly Error,121,35.3,67.7,4.46,2.56,MB-245,Supplier Y,Pass,Normal,Normal,Normal,
10439,13-12-2025 00:00,Plant A,Line 3,Widget D,Night,M-07,OP-144,B1143,982,9,Crack,28,55.8,67.7,4.4,1.12,MB-230,Supplier W,Pass,Normal,Normal,Normal,
10774,07-09-2025 00:00,Plant C,Line 2,Widget A,Morning,M-11,OP-138,B1041,1251,17,Assembly Error,128,35.5,67.7,3.99,3.4,MB-227,Supplier W,Pass,Normal,Normal,Normal,
10648,15-01-2025 00:00,Plant A,Line 2,Widget C,Night,M-08,OP-132,B1110,818,8,Scratch,153,31.3,67.7,5.05,3.96,MB-203,Supplier Z,Pass,Normal,Normal,Normal,
11370,10-01-2025 00:00,Plant C,Line 3,Widget D,Night,M-11,OP-141,B1025,606,18,Dimension Error,11,31.5,67.7,4.56,3.93,MB-202,Supplier X,Pass,Normal,Normal,Normal,
10599,08-10-2025 00:00,Plant A,Line 3,Widget A,Morning,M-06,OP-149,B1111,648,1,Assembly Error,90,32.6,67.6,4.83,3.73,MB-241,Supplier Y,Pass,Normal,Normal,Normal,
10839,17-12-2025 00:00,Plant C,Line 2,Widget B,Evening,M-02,OP-112,B1183,1541,19,Color Defect,124,51.3,67.6,3.71,1.96,MB-242,Supplier Y,Pass,Normal,Normal,Normal,
10925,23-03-2025 00:00,Plant B,Line 2,Widget C,Morning,M-03,OP-149,B1117,1318,37,Assembly Error,138,50.7,67.6,5.14,2.22,MB-209,Supplier Y,Pass,Normal,Normal,Normal,
10575,16-04-2025 00:00,Plant A,Line 3,Widget D,Morning,M-03,OP-106,B1152,893,31,Crack,163,44.6,67.6,5.04,3.34,MB-223,Supplier X,Review,Normal,Normal,Normal,
11283,16-04-2025 00:00,Plant A,Line 3,Widget B,Morning,M-04,OP-134,B1149,1394,14,Assembly Error,52,49.7,67.6,7.44,3.64,MB-222,Supplier Z,Pass,Normal,Normal,Normal,
10930,06-04-2025 00:00,Plant B,Line 3,Widget C,Night,M-02,OP-124,B1170,1067,11,Crack,26,35.1,67.6,5.43,3.3,MB-238,Supplier X,Pass,Normal,Normal,Normal,
11266,27-12-2025 00:00,Plant C,Line 1,Widget B,Morning,M-07,OP-139,B1085,479,4,Dimension Error,45,48.6,67.5,4.17,3.8,MB-227,Supplier Z,Pass,Normal,Normal,Normal,
10737,17-04-2025 00:00,Plant A,Line 4,Widget C,Evening,M-06,OP-107,B1111,579,3,Crack,159,44.3,67.5,5.31,3.43,MB-222,Supplier W,Pass,Normal,Normal,Normal,
10180,23-01-2025 00:00,Plant A,Line 1,Widget A,Morning,M-04,OP-124,B1152,1252,16,Dent,59,46.3,67.5,5.66,4.16,MB-248,Supplier Y,Pass,Normal,Normal,Normal,
10356,04-11-2025 00:00,Plant B,Line 4,Widget A,Morning,M-12,OP-149,B1148,797,5,Assembly Error,89,43.7,67.5,4.46,4.32,MB-219,Supplier X,Pass,Normal,Normal,Normal,
10717,07-05-2025 00:00,Plant B,Line 3,Widget C,Evening,M-03,OP-129,B1021,1270,10,Scratch,170,34.4,67.5,5.71,1.89,MB-229,Supplier Z,Pass,Normal,Normal,Normal,
10367,08-06-2025 00:00,Plant A,Line 4,Widget B,Night,M-02,OP-139,B1014,1044,17,Crack,61,38.9,67.5,5.71,2.11,MB-215,Supplier Z,Pass,Normal,Normal,Normal,
11486,18-08-2025 00:00,Plant A,Line 1,Widget B,Morning,M-05,OP-134,B1039,1052,6,Color Defect,154,44.8,67.5,4.22,1.71,MB-225,Supplier Y,Pass,Normal,Normal,Normal,
11251,16-11-2025 00:00,Plant A,Line 4,Widget C,Morning,M-11,OP-145,B1087,989,4,Scratch,49,50.4,67.5,4.31,1.89,MB-203,Supplier W,Pass,Normal,Normal,Normal,
10566,27-07-2025 00:00,Plant C,Line 4,Widget D,Morning,M-09,OP-127,B1109,720,9,Dimension Error,101,31,67.5,4.34,1.79,MB-217,Supplier W,Pass,Normal,Normal,Normal,
10108,20-01-2025 00:00,Plant B,Line 4,Widget B,Evening,M-05,OP-138,B1053,1464,12,Dimension Error,107,50.2,67.4,5.34,1.88,MB-203,Supplier X,Pass,Normal,Normal,Normal,
10431,27-06-2025 00:00,Plant A,Line 3,Widget B,Evening,M-08,OP-101,B1011,1047,11,Dent,8,44.3,67.4,5.36,2.59,MB-222,Supplier W,Pass,Normal,Normal,Normal,
10812,29-06-2025 00:00,Plant C,Line 3,Widget A,Morning,M-05,OP-133,B1024,720,3,Dent,114,37.1,67.4,4.2,2.05,MB-233,Supplier Z,Pass,Normal,Normal,Normal,
10212,03-09-2025 00:00,Plant A,Line 2,Widget B,Night,M-05,OP-125,B1083,883,12,Scratch,120,44.5,67.4,3.74,3.1,MB-214,Supplier Y,Pass,Normal,Normal,Normal,
10677,30-08-2025 00:00,Plant A,Line 1,Widget D,Morning,M-01,OP-107,B1016,1076,29,Assembly Error,123,34.1,67.4,5.12,1.98,MB-245,Supplier X,Pass,Normal,Normal,Normal,
10373,05-05-2025 00:00,Plant C,Line 2,Widget D,Evening,M-06,OP-106,B1105,698,11,Scratch,64,40.6,67.4,4.87,4.57,MB-235,Supplier W,Pass,Normal,Normal,Normal,
10531,16-01-2025 00:00,Plant C,Line 4,Widget D,Morning,M-10,OP-125,B1030,1203,7,Assembly Error,25,43.6,67.4,3.61,0.69,MB-225,Supplier W,Pass,Normal,Normal,Normal,
10062,16-02-2025 00:00,Plant C,Line 1,Widget A,Night,M-10,OP-149,B1060,667,26,Assembly Error,127,51.9,67.4,4.53,3.32,MB-231,Supplier Z,Review,Normal,Normal,Normal,
10336,28-03-2025 00:00,Plant A,Line 1,Widget A,Morning,M-10,OP-106,B1043,1242,22,Assembly Error,104,43.7,67.4,4.34,4.22,MB-202,Supplier W,Pass,Normal,Normal,Normal,
10453,12-01-2025 00:00,Plant C,Line 1,Widget A,Morning,M-02,OP-126,B1014,1408,48,Crack,37,44.1,67.4,5.98,3.49,MB-200,Supplier Z,Review,Normal,Normal,Normal,
10624,06-01-2025 00:00,Plant B,Line 3,Widget D,Evening,M-10,OP-131,B1089,1039,14,Assembly Error,60,50.6,67.4,4.38,3.18,MB-240,Supplier W,Pass,Normal,Normal,Normal,
10643,05-06-2025 00:00,Plant B,Line 3,Widget A,Evening,M-07,OP-110,B1079,526,7,Scratch,138,54.3,67.4,5.53,1.49,MB-206,Supplier W,Pass,Normal,Normal,Normal,
10241,24-12-2025 00:00,Plant B,Line 3,Widget C,Evening,M-06,OP-138,B1063,1169,4,Scratch,91,53.1,67.3,4.96,2.41,MB-209,Supplier Y,Pass,Normal,Normal,Normal,
11317,18-11-2025 00:00,Plant C,Line 2,Widget B,Night,M-08,OP-105,B1101,843,7,Scratch,19,37.9,67.3,5.3,2.52,MB-248,Supplier X,Pass,Normal,Normal,Normal,
11406,25-12-2025 00:00,Plant C,Line 1,Widget C,Evening,M-06,OP-139,B1085,1068,10,Assembly Error,8,41.1,67.3,6.15,1.25,MB-234,Supplier X,Pass,Normal,Normal,Normal,
10576,22-12-2025 00:00,Plant A,Line 3,Widget D,Evening,M-01,OP-111,B1069,835,4,Scratch,152,41.7,67.3,3.91,1.84,MB-229,Supplier W,Pass,Normal,Normal,Normal,
11371,07-11-2025 00:00,Plant C,Line 4,Widget B,Night,M-04,OP-140,B1121,903,11,Crack,44,37,67.3,5.53,3.53,MB-231,Supplier X,Pass,Normal,Normal,Normal,
10130,31-03-2025 00:00,Plant C,Line 1,Widget A,Evening,M-10,OP-143,B1053,1447,23,Scratch,130,47.8,67.3,5.88,2.17,MB-220,Supplier Z,Pass,Normal,Normal,Normal,
10391,29-03-2025 00:00,Plant C,Line 1,Widget A,Morning,M-12,OP-102,B1009,1265,13,Unknown,130,48.7,67.3,5.51,3.71,MB-219,Supplier Z,Pass,Normal,Normal,Normal,
11204,28-04-2025 00:00,Plant B,Line 2,Widget D,Morning,M-11,OP-139,B1042,1391,18,Crack,8,35.2,67.3,4.59,2.75,MB-212,Supplier X,Pass,Normal,Normal,Normal,
10937,17-04-2025 00:00,Plant C,Line 3,Widget B,Evening,M-02,OP-150,B1105,1025,3,Crack,32,45.6,67.3,6.21,4.04,MB-201,Supplier Z,Pass,Normal,Normal,Normal,
10741,06-12-2025 00:00,Plant B,Line 3,Widget A,Night,M-12,OP-110,B1005,1456,20,Color Defect,166,37.7,67.3,4.37,3.66,MB-209,Supplier Y,Pass,Normal,Normal,Normal,
11060,08-07-2025 00:00,Plant B,Line 3,Widget B,Evening,M-02,OP-105,B1181,1379,21,Assembly Error,90,40.1,67.3,5.06,0.75,MB-248,Supplier X,Pass,Normal,Normal,Normal,
10846,27-09-2025 00:00,Plant C,Line 4,Widget B,Morning,M-09,OP-137,B1040,904,13,Dent,29,25.8,67.2,4.94,2.26,MB-217,Supplier W,Pass,Normal,Normal,Normal,
10056,20-07-2025 00:00,Plant A,Line 1,Widget A,Evening,M-08,OP-142,B1024,1407,20,Scratch,43,48.9,67.2,5.37,4.94,MB-211,Supplier Y,Pass,Normal,Normal,Normal,
11327,24-09-2025 00:00,Plant A,Line 4,Widget B,Morning,M-03,OP-136,B1117,675,7,Scratch,169,37,67.2,5.08,1.56,MB-242,Supplier X,Pass,Normal,Normal,Normal,
10948,06-12-2025 00:00,Plant A,Line 3,Widget A,Evening,M-05,OP-102,B1086,1146,9,Crack,130,49.8,67.2,5.49,3.93,MB-216,Supplier W,Pass,Normal,Normal,Normal,
10020,07-09-2025 00:00,Plant C,Line 2,Widget D,Night,M-05,OP-145,B1003,806,6,Dent,20,43.4,67.2,5.26,2.38,MB-226,Supplier W,Pass,Normal,Normal,Normal,
10863,01-11-2025 00:00,Plant C,Line 1,Widget D,Morning,M-05,OP-121,B1032,682,8,Assembly Error,161,48.3,67.1,5.09,3.66,MB-209,Supplier W,Pass,Normal,Normal,Normal,
11126,08-11-2025 00:00,Plant A,Line 1,Widget B,Evening,M-01,OP-115,B1049,1347,15,Dimension Error,109,35.1,67.1,5.91,2.84,MB-220,Supplier Z,Pass,Normal,Normal,Normal,
10913,25-11-2025 00:00,Plant C,Line 3,Widget A,Evening,M-04,OP-131,B1016,1043,3,Crack,116,45.9,67.1,5.28,3.4,MB-239,Supplier X,Pass,Normal,Normal,Normal,
10838,24-03-2025 00:00,Plant C,Line 3,Widget C,Night,M-06,OP-120,B1063,771,24,Color Defect,37,41.4,67.1,5.2,2.31,MB-235,Supplier Y,Review,Normal,Normal,Normal,
10471,04-11-2025 00:00,Plant C,Line 2,Widget A,Evening,M-03,OP-150,B1157,615,9,Color Defect,102,38.5,67.1,3.79,4.72,MB-217,Supplier X,Pass,Normal,Normal,Normal,
11029,23-11-2025 00:00,Plant B,Line 1,Widget C,Evening,M-08,OP-128,B1123,1370,51,Dent,66,38.7,67.1,6.02,3.58,MB-244,Supplier X,Review,Normal,Normal,Normal,
11286,02-01-2025 00:00,Plant B,Line 1,Widget C,Night,M-02,OP-133,B1000,777,5,Assembly Error,132,45.4,67,6.14,5.23,MB-246,Supplier X,Pass,Normal,Normal,Normal,
11120,27-02-2025 00:00,Plant A,Line 2,Widget B,Evening,M-02,OP-127,B1019,1176,6,Assembly Error,119,34.2,67,4.99,1.85,MB-244,Supplier W,Pass,Normal,Normal,Normal,
10150,13-09-2025 00:00,Plant B,Line 3,Widget D,Morning,M-07,OP-141,B1012,1362,9,Dent,145,53.4,67,5.95,2.44,MB-221,Supplier X,Pass,Normal,Normal,Normal,
10021,19-11-2025 00:00,Plant A,Line 1,Widget D,Night,M-12,OP-129,B1140,1139,21,Dimension Error,16,44,67,5.03,2.26,MB-225,Supplier Y,Pass,Normal,Normal,Normal,
10748,17-06-2025 00:00,Plant A,Line 1,Widget D,Night,M-08,OP-103,B1012,1585,39,Assembly Error,23,35.5,67,6.34,1.53,MB-201,Supplier X,Pass,Normal,Normal,Normal,
10662,04-08-2025 00:00,Plant A,Line 4,Widget B,Morning,M-03,OP-127,B1028,555,6,Assembly Error,167,38.6,66.9,7.38,3.47,MB-220,Supplier Z,Pass,Normal,Normal,Normal,
11348,28-03-2025 00:00,Plant A,Line 3,Widget D,Morning,M-02,OP-112,B1151,1570,51,Dent,37,37.2,66.9,3.78,1.92,MB-215,Supplier X,Review,Normal,Normal,Normal,
10132,07-05-2025 00:00,Plant B,Line 1,Widget C,Evening,M-08,OP-120,B1112,1176,3,Scratch,80,40.4,66.8,5.33,3.29,MB-240,Supplier Y,Pass,Normal,Normal,Normal,
10109,24-01-2025 00:00,Plant B,Line 2,Widget B,Evening,M-12,OP-119,B1048,975,11,Assembly Error,67,49.8,66.8,5.96,3.55,MB-218,Supplier W,Pass,Normal,Normal,Normal,
10017,11-04-2025 00:00,Plant A,Line 4,Widget A,Morning,M-12,OP-105,B1102,1019,2,Dimension Error,10,42.3,66.8,6.92,3.5,MB-215,Supplier X,Pass,Normal,Normal,Normal,
10393,13-08-2025 00:00,Plant A,Line 2,Widget C,Evening,M-04,OP-142,B1045,1404,20,Assembly Error,68,41.1,66.8,3.44,4.56,MB-230,Supplier Y,Pass,Normal,Normal,Normal,
11059,27-12-2025 00:00,Plant B,Line 3,Widget D,Night,M-01,OP-140,B1101,483,7,Dent,166,46,66.7,3.63,2.67,MB-208,Supplier Z,Pass,Normal,Normal,Normal,
10340,08-02-2025 00:00,Plant A,Line 2,Widget D,Morning,M-08,OP-148,B1046,665,6,Color Defect,176,44.7,66.7,5.4,1.91,MB-231,Supplier Y,Pass,Normal,Normal,Normal,
10753,23-07-2025 00:00,Plant A,Line 2,Widget C,Evening,M-11,OP-150,B1116,698,27,Color Defect,14,50.3,66.7,4.52,1.5,MB-221,Supplier W,Review,Normal,Normal,Normal,
10172,21-11-2025 00:00,Plant B,Line 1,Widget A,Morning,M-04,OP-141,B1176,1018,2,Dent,75,36.2,66.7,3.8,2.66,MB-223,Supplier Y,Pass,Normal,Normal,Normal,
11099,06-12-2025 00:00,Plant B,Line 4,Widget D,Morning,M-10,OP-132,B1009,619,9,Dent,86,33.6,66.7,5.13,4.8,MB-237,Supplier Y,Pass,Normal,Normal,Normal,
10885,17-01-2025 00:00,Plant B,Line 2,Widget D,Evening,M-04,OP-122,B1197,869,9,Assembly Error,11,56,66.7,4.95,4.61,MB-214,Supplier Y,Pass,Normal,Normal,Normal,
11208,20-12-2025 00:00,Plant B,Line 4,Widget B,Evening,M-04,OP-109,B1129,806,18,Scratch,167,51.1,66.7,4.73,1.72,MB-230,Supplier W,Pass,Normal,Normal,Normal,
10421,22-04-2025 00:00,Plant B,Line 1,Widget A,Night,M-08,OP-110,B1040,504,6,Scratch,81,28.1,66.6,5.05,1.59,MB-222,Supplier X,Pass,Normal,Normal,Normal,
10134,21-10-2025 00:00,Plant A,Line 2,Widget C,Evening,M-03,OP-145,B1118,1435,20,Scratch,77,49,66.6,6.31,2.52,MB-202,Supplier Z,Pass,Normal,Normal,Normal,
10714,28-12-2025 00:00,Plant B,Line 1,Widget C,Morning,M-01,OP-144,B1142,1020,10,Color Defect,132,42.6,66.6,5.42,3.42,MB-202,Supplier X,Pass,Normal,Normal,Normal,
10876,02-01-2025 00:00,Plant B,Line 2,Widget C,Night,M-10,OP-116,B1140,1091,8,Crack,180,36.1,66.6,5.75,3.95,MB-224,Supplier Z,Pass,Normal,Normal,Normal,
10128,03-11-2025 00:00,Plant B,Line 4,Widget A,Evening,M-04,OP-107,B1091,1008,4,Color Defect,32,47.1,66.6,5.03,0.88,MB-240,Supplier X,Pass,Normal,Normal,Normal,
10829,02-01-2025 00:00,Plant A,Line 4,Widget B,Night,M-01,OP-143,B1196,526,7,Crack,125,27.1,66.5,6.37,4,MB-242,Supplier Z,Pass,Normal,Normal,Normal,
10413,05-07-2025 00:00,Plant C,Line 3,Widget D,Evening,M-09,OP-145,B1180,1050,21,Color Defect,65,33.4,66.5,5.57,5.11,MB-247,Supplier W,Pass,Normal,Normal,Normal,
10533,03-10-2025 00:00,Plant C,Line 1,Widget A,Morning,M-11,OP-105,B1176,887,9,Dimension Error,43,58,66.4,5.23,3.21,MB-245,Supplier Y,Pass,Normal,Normal,Normal,
11332,08-02-2025 00:00,Plant C,Line 3,Widget D,Morning,M-06,OP-105,B1051,1006,8,Dimension Error,154,39.4,66.4,4.54,2.45,MB-240,Supplier W,Pass,Normal,Normal,Normal,
10964,18-12-2025 00:00,Plant C,Line 3,Widget A,Morning,M-11,OP-110,B1096,596,9,Assembly Error,175,29.6,66.4,5.71,3.36,MB-201,Supplier Z,Pass,Normal,Normal,Normal,
11056,21-01-2025 00:00,Plant A,Line 3,Widget D,Morning,M-11,OP-141,B1099,680,8,Dimension Error,127,38.5,66.4,5.2,3.36,MB-250,Supplier W,Pass,Normal,Normal,Normal,
10896,25-10-2025 00:00,Plant B,Line 4,Widget B,Evening,M-02,OP-138,B1165,1066,12,Crack,114,39,66.4,5.38,3.28,MB-201,Supplier Y,Pass,Normal,Normal,Normal,
11194,29-09-2025 00:00,Plant B,Line 4,Widget B,Morning,M-11,OP-121,B1120,820,7,Dimension Error,84,45.7,66.4,4.84,3.21,MB-227,Supplier X,Pass,Normal,Normal,Normal,
11195,05-05-2025 00:00,Plant C,Line 3,Widget A,Morning,M-12,OP-102,B1135,972,14,Dimension Error,154,40.2,66.4,5.17,2.08,MB-221,Supplier Y,Pass,Normal,Normal,Normal,
10289,05-11-2025 00:00,Plant A,Line 4,Widget B,Night,M-05,OP-126,B1157,1311,11,Dent,17,34.6,66.4,4.44,2.84,MB-211,Supplier Y,Pass,Normal,Normal,Normal,
11478,13-10-2025 00:00,Plant C,Line 2,Widget D,Evening,M-08,OP-141,B1073,1069,15,Dimension Error,41,47.8,66.3,5.57,3.36,MB-244,Supplier X,Pass,Normal,Normal,Normal,
10755,13-04-2025 00:00,Plant B,Line 3,Widget C,Morning,M-04,OP-133,B1167,493,6,Dent,140,51.1,66.3,5.94,4.79,MB-233,Supplier W,Pass,Normal,Normal,Normal,
11101,19-05-2025 00:00,Plant A,Line 4,Widget D,Morning,M-03,OP-129,B1129,1304,107,Scratch,10,51.5,66.3,5.5,1.52,MB-211,Supplier X,Review,Normal,Normal,Normal,
11009,01-08-2025 00:00,Plant C,Line 4,Widget D,Morning,M-03,OP-123,B1153,814,14,Scratch,129,35.8,66.3,5.19,2.09,MB-203,Supplier Y,Pass,Normal,Normal,Normal,
10953,11-03-2025 00:00,Plant B,Line 4,Widget A,Morning,M-11,OP-109,B1076,473,36,Crack,18,44,66.2,4.73,4.09,MB-233,Supplier X,Review,Normal,Normal,Normal,
10728,22-06-2025 00:00,Plant B,Line 2,Widget A,Evening,M-04,OP-103,B1112,1470,57,Dimension Error,34,41.3,66.2,5.81,2.5,MB-214,Supplier W,Review,Normal,Normal,Normal,
10097,24-03-2025 00:00,Plant A,Line 3,Widget A,Morning,M-03,OP-107,B1079,1227,6,Scratch,148,42.1,66.2,3.97,3.8,MB-235,Supplier W,Pass,Normal,Normal,Normal,
10229,02-09-2025 00:00,Plant C,Line 3,Widget D,Night,M-07,OP-121,B1003,636,5,Assembly Error,75,46.6,66.2,5.67,2.36,MB-243,Supplier Z,Pass,Normal,Normal,Normal,
10802,18-01-2025 00:00,Plant B,Line 3,Widget A,Evening,M-08,OP-143,B1199,1540,13,Assembly Error,58,37.5,66.2,4.78,1.3,MB-247,Supplier Y,Pass,Normal,Normal,Normal,
11396,26-01-2025 00:00,Plant A,Line 3,Widget B,Morning,M-03,OP-102,B1193,689,4,Assembly Error,173,39.1,66.2,4.67,2.54,MB-244,Supplier Z,Pass,Normal,Normal,Normal,
10493,23-02-2025 00:00,Plant B,Line 4,Widget D,Night,M-05,OP-116,B1089,1038,30,Crack,9,47.1,66.2,4.48,2.35,MB-225,Supplier X,Pass,Normal,Normal,Normal,
10775,29-01-2025 00:00,Plant A,Line 4,Widget C,Morning,M-12,OP-146,B1117,1099,5,Dimension Error,160,25.3,66.1,5.53,1.92,MB-216,Supplier Y,Pass,Normal,Normal,Normal,
10067,12-01-2025 00:00,Plant B,Line 1,Widget B,Evening,M-06,OP-126,B1119,727,10,Scratch,54,56.1,66.1,3.84,4.32,MB-228,Supplier Z,Pass,Normal,Normal,Normal,
10784,31-10-2025 00:00,Plant C,Line 2,Widget C,Morning,M-03,OP-107,B1046,816,5,Color Defect,140,43.1,66.1,4.8,1.55,MB-202,Supplier W,Pass,Normal,Normal,Normal,
10117,27-09-2025 00:00,Plant C,Line 1,Widget A,Evening,M-12,OP-126,B1112,1333,27,Dimension Error,70,41.6,66.1,5.27,3.77,MB-234,Supplier Y,Pass,Normal,Normal,Normal,
10088,10-04-2025 00:00,Plant C,Line 2,Widget A,Morning,M-04,OP-110,B1182,601,4,Crack,73,45.7,66.1,4.92,3.3,MB-216,Supplier Y,Pass,Normal,Normal,Normal,
10975,29-10-2025 00:00,Plant C,Line 4,Widget B,Evening,M-03,OP-117,B1012,1286,14,Dent,138,35.5,66,5.62,4.07,MB-205,Supplier Y,Pass,Normal,Normal,Normal,
10694,02-12-2025 00:00,Plant C,Line 3,Widget B,Evening,M-12,OP-115,B1005,1297,18,Color Defect,60,46.6,66,5.65,2.73,MB-207,Supplier X,Pass,Normal,Normal,Normal,
10723,27-10-2025 00:00,Plant C,Line 3,Widget A,Evening,M-12,OP-117,B1142,480,5,Dent,38,46.6,66,5.39,4.31,MB-227,Supplier X,Pass,Normal,Normal,Normal,
11112,14-06-2025 00:00,Plant B,Line 1,Widget D,Morning,M-01,OP-117,B1170,915,9,Crack,34,47.6,66,5.11,2.83,MB-224,Supplier X,Pass,Normal,Normal,Normal,
10653,14-02-2025 00:00,Plant B,Line 1,Widget A,Night,M-06,OP-140,B1183,1292,14,Dimension Error,78,40.1,66,5.02,2.75,MB-209,Supplier Z,Pass,Normal,Normal,Normal,
10177,13-06-2025 00:00,Plant C,Line 3,Widget A,Night,M-03,OP-110,B1101,780,19,Crack,69,48.8,66,4.1,2.43,MB-242,Supplier X,Pass,Normal,Normal,Normal,
11339,05-08-2025 00:00,Plant C,Line 3,Widget D,Night,M-02,OP-118,B1030,1572,7,Assembly Error,161,43,66,5.83,1.53,MB-202,Supplier Z,Pass,Normal,Normal,Normal,
10510,13-07-2025 00:00,Plant B,Line 1,Widget D,Morning,M-09,OP-134,B1156,1256,44,Assembly Error,169,44.1,66,5.61,3.67,MB-211,Supplier Z,Review,Normal,Normal,Normal,
10407,21-11-2025 00:00,Plant A,Line 1,Widget D,Morning,M-09,OP-115,B1109,1496,8,Crack,17,39.2,66,5.12,3.47,MB-215,Supplier X,Pass,Normal,Normal,Normal,
10683,09-05-2025 00:00,Plant A,Line 3,Widget A,Night,M-09,OP-123,B1132,534,7,Crack,75,37.8,65.9,5.14,4.12,MB-244,Supplier Y,Pass,Normal,Normal,Normal,
10544,12-05-2025 00:00,Plant A,Line 2,Widget D,Morning,M-03,OP-126,B1174,1069,3,Scratch,135,44.2,65.9,6.08,1.98,MB-225,Supplier Z,Pass,Normal,Normal,Normal,
11302,22-03-2025 00:00,Plant C,Line 3,Widget A,Evening,M-10,OP-141,B1038,478,2,Scratch,111,35.7,65.9,4.1,2.25,MB-239,Supplier Y,Pass,Normal,Normal,Normal,
11450,08-08-2025 00:00,Plant A,Line 4,Widget B,Evening,M-09,OP-102,B1118,1443,47,Crack,154,49.4,65.9,5.08,3.01,MB-226,Supplier W,Review,Normal,Normal,Normal,
11321,03-09-2025 00:00,Plant B,Line 2,Widget A,Night,M-02,OP-115,B1051,800,7,Dimension Error,170,36.6,65.9,5.93,3.18,MB-207,Supplier Y,Pass,Normal,Normal,Normal,
11344,11-05-2025 00:00,Plant B,Line 3,Widget D,Evening,M-07,OP-109,B1068,1111,25,Color Defect,32,50.6,65.9,5.14,3.38,MB-237,Supplier X,Pass,Normal,Normal,Normal,
11026,06-10-2025 00:00,Plant C,Line 2,Widget B,Morning,M-12,OP-132,B1008,1503,58,Dent,94,30.4,65.9,6.36,3.07,MB-207,Supplier W,Review,Normal,Normal,Normal,
10491,11-10-2025 00:00,Plant B,Line 1,Widget C,Morning,M-05,OP-147,B1034,1052,12,Assembly Error,27,35.4,65.8,6.29,3.48,MB-204,Supplier Z,Pass,Normal,Normal,Normal,
10362,06-09-2025 00:00,Plant B,Line 1,Widget B,Morning,M-09,OP-132,B1125,673,4,Assembly Error,94,46,65.8,5.15,0.96,MB-227,Supplier Y,Pass,Normal,Normal,Normal,
10559,30-07-2025 00:00,Plant A,Line 2,Widget A,Evening,M-10,OP-102,B1023,825,5,Dimension Error,170,51.4,65.8,4.24,3.21,MB-245,Supplier X,Pass,Normal,Normal,Normal,
10669,21-11-2025 00:00,Plant B,Line 2,Widget A,Morning,M-10,OP-122,B1075,484,6,Crack,36,37.8,65.8,4.65,4.27,MB-240,Supplier W,Pass,Normal,Normal,Normal,
10053,08-10-2025 00:00,Plant C,Line 1,Widget B,Evening,M-04,OP-126,B1185,1185,9,Color Defect,33,38.2,65.8,5.36,1.72,MB-237,Supplier Y,Pass,Normal,Normal,Normal,
10395,26-02-2025 00:00,Plant C,Line 3,Widget A,Morning,M-03,OP-129,B1014,944,10,Crack,115,37.3,65.7,4.7,3.75,MB-201,Supplier Z,Pass,Normal,Normal,Normal,
10189,02-09-2025 00:00,Plant B,Line 2,Widget B,Morning,M-11,OP-116,B1007,850,26,Dent,108,34.4,65.7,4.9,1.25,MB-211,Supplier Y,Review,Normal,Normal,Normal,
10923,24-01-2025 00:00,Plant A,Line 3,Widget B,Evening,M-07,OP-122,B1164,1389,10,Color Defect,120,42,65.7,4.9,3.68,MB-227,Supplier X,Pass,Normal,Normal,Normal,
10941,20-08-2025 00:00,Plant B,Line 1,Widget A,Morning,M-09,OP-148,B1155,1062,16,Assembly Error,81,47.5,65.7,6.1,3.02,MB-203,Supplier Z,Pass,Normal,Normal,Normal,
11431,23-04-2025 00:00,Plant C,Line 4,Widget A,Morning,M-12,OP-111,B1093,853,4,Crack,64,42.4,65.7,4.15,3.75,MB-250,Supplier W,Pass,Normal,Normal,Normal,
11432,24-10-2025 00:00,Plant B,Line 3,Widget D,Morning,M-04,OP-141,B1175,1042,4,Color Defect,11,28.6,65.7,6.45,3.71,MB-238,Supplier Z,Pass,Normal,Normal,Normal,
10256,14-08-2025 00:00,Plant A,Line 3,Widget C,Evening,M-06,OP-109,B1128,450,2,Scratch,46,38,65.7,4.7,1.98,MB-233,Supplier X,Pass,Normal,Normal,Normal,
10162,09-02-2025 00:00,Plant A,Line 1,Widget B,Night,M-10,OP-120,B1142,1396,11,Dent,120,37.4,65.7,5.8,1.01,MB-245,Supplier W,Pass,Normal,Normal,Normal,
10311,21-02-2025 00:00,Plant A,Line 2,Widget B,Evening,M-07,OP-118,B1165,663,7,Scratch,122,41.1,65.6,5.52,0.81,MB-241,Supplier Z,Pass,Normal,Normal,Normal,
10530,08-12-2025 00:00,Plant A,Line 4,Widget D,Morning,M-06,OP-148,B1111,838,11,Scratch,114,52.5,65.6,5.23,2.61,MB-231,Supplier Y,Pass,Normal,Normal,Normal,
10434,18-03-2025 00:00,Plant B,Line 3,Widget D,Morning,M-10,OP-148,B1094,788,27,Color Defect,169,45.1,65.6,5.5,1.75,MB-250,Supplier Y,Review,Normal,Normal,Normal,
10738,06-11-2025 00:00,Plant B,Line 3,Widget B,Evening,M-06,OP-115,B1067,1202,17,Assembly Error,116,49.2,65.6,5.37,1.23,MB-244,Supplier Z,Pass,Normal,Normal,Normal,
10149,24-06-2025 00:00,Plant C,Line 1,Widget A,Night,M-05,OP-133,B1023,850,9,Dent,112,44.7,65.6,6.99,2.35,MB-236,Supplier Y,Pass,Normal,Normal,Normal,
10154,21-09-2025 00:00,Plant A,Line 3,Widget A,Morning,M-06,OP-104,B1103,1004,11,Crack,161,36.8,65.6,6.54,2.68,MB-222,Supplier W,Pass,Normal,Normal,Normal,
11137,30-10-2025 00:00,Plant A,Line 4,Widget B,Morning,M-07,OP-124,B1193,735,11,Color Defect,100,38.6,65.6,4.36,2.89,MB-220,Supplier W,Pass,Normal,Normal,Normal,
10646,16-08-2025 00:00,Plant C,Line 1,Widget D,Morning,M-02,OP-150,B1192,1583,16,Scratch,126,33.6,65.6,5.59,2.89,MB-216,Supplier W,Pass,Normal,Normal,Normal,
11181,08-05-2025 00:00,Plant A,Line 4,Widget B,Evening,M-06,OP-140,B1063,745,28,Assembly Error,125,40,65.6,5.91,1.54,MB-203,Supplier X,Review,Normal,Normal,Normal,
11493,04-02-2025 00:00,Plant B,Line 2,Widget D,Night,M-06,OP-128,B1100,630,5,Dent,27,46.4,65.5,5.16,1.12,MB-215,Supplier W,Pass,Normal,Normal,Normal,
10632,14-02-2025 00:00,Plant A,Line 3,Widget C,Evening,M-03,OP-107,B1189,488,2,Crack,114,45.1,65.5,5.42,3.7,MB-231,Supplier Y,Pass,Normal,Normal,Normal,
10783,12-01-2025 00:00,Plant A,Line 2,Widget D,Evening,M-06,OP-127,B1196,491,43,Dimension Error,73,50.5,65.5,5.77,4.16,MB-241,Supplier Y,Review,Normal,Normal,Normal,
10034,22-01-2025 00:00,Plant A,Line 2,Widget A,Evening,M-12,OP-126,B1045,510,2,Color Defect,38,39.4,65.5,4.7,2.5,MB-246,Supplier X,Pass,Normal,Normal,Normal,
10327,01-02-2025 00:00,Plant A,Line 2,Widget C,Morning,M-12,OP-129,B1130,1261,15,Dent,34,40.6,65.5,5.58,0.11,MB-250,Supplier X,Pass,Normal,Normal,Normal,
10852,21-08-2025 00:00,Plant A,Line 2,Widget D,Evening,M-02,OP-139,B1128,1253,12,Dent,135,35.2,65.5,4.67,1.29,MB-229,Supplier W,Pass,Normal,Normal,Normal,
10641,12-11-2025 00:00,Plant A,Line 3,Widget A,Evening,M-09,OP-101,B1191,1080,11,Assembly Error,83,29.2,65.5,4.92,2.06,MB-238,Supplier Z,Pass,Normal,Normal,Normal,
10699,11-05-2025 00:00,Plant A,Line 3,Widget C,Evening,M-08,OP-131,B1085,1057,25,Assembly Error,167,34.9,65.5,4.84,2.41,MB-235,Supplier W,Pass,Normal,Normal,Normal,
10675,15-05-2025 00:00,Plant B,Line 4,Widget A,Evening,M-11,OP-143,B1130,604,13,Dent,178,40.5,65.4,4.8,1.96,MB-217,Supplier Z,Pass,Normal,Normal,Normal,
10366,20-10-2025 00:00,Plant C,Line 1,Widget C,Morning,M-01,OP-129,B1093,845,2,Color Defect,75,41.6,65.4,5.67,3.53,MB-212,Supplier Z,Pass,Normal,Normal,Normal,
10938,17-11-2025 00:00,Plant B,Line 3,Widget A,Evening,M-12,OP-110,B1143,1025,3,Color Defect,108,46.4,65.4,5.65,4.04,MB-229,Supplier Z,Pass,Normal,Normal,Normal,
10415,08-07-2025 00:00,Plant C,Line 2,Widget B,Evening,M-11,OP-142,B1056,1317,9,Scratch,85,42.4,65.4,6.45,0.92,MB-208,Supplier Z,Pass,Normal,Normal,Normal,
10273,09-05-2025 00:00,Plant B,Line 3,Widget A,Morning,M-03,OP-118,B1133,883,24,Dimension Error,49,37.2,65.4,5.84,3.3,MB-226,Supplier X,Pass,Normal,Normal,Normal,
10731,09-12-2025 00:00,Plant A,Line 3,Widget B,Morning,M-06,OP-139,B1136,725,7,Dent,99,48.1,65.4,6.3,1.9,MB-232,Supplier W,Pass,Normal,Normal,Normal,
11192,04-08-2025 00:00,Plant A,Line 4,Widget C,Evening,M-11,OP-141,B1002,664,5,Dent,98,49.4,65.4,5.55,3.76,MB-240,Supplier W,Pass,Normal,Normal,Normal,
11469,05-09-2025 00:00,Plant C,Line 1,Widget C,Morning,M-02,OP-131,B1036,455,1,Dent,137,28.3,65.4,5.67,1.76,MB-237,Supplier Y,Pass,Normal,Normal,Normal,
10176,17-06-2025 00:00,Plant C,Line 1,Widget A,Night,M-04,OP-147,B1062,1364,13,Dimension Error,114,35.6,65.3,5.15,2.01,MB-202,Supplier Y,Pass,Normal,Normal,Normal,
10326,24-04-2025 00:00,Plant B,Line 2,Widget D,Morning,M-10,OP-118,B1185,709,7,Assembly Error,24,37.2,65.3,5.38,2.89,MB-236,Supplier W,Pass,Normal,Normal,Normal,
10121,14-05-2025 00:00,Plant C,Line 4,Widget D,Night,M-02,OP-147,B1107,1471,29,Dent,112,34.2,65.3,5.31,2.92,MB-229,Supplier Y,Pass,Normal,Normal,Normal,
10667,04-01-2025 00:00,Plant C,Line 4,Widget C,Morning,M-08,OP-143,B1009,1153,3,Dimension Error,17,40.6,65.3,4.49,3.63,MB-229,Supplier Y,Pass,Normal,Normal,Normal,
11148,05-02-2025 00:00,Plant C,Line 1,Widget C,Morning,M-10,OP-143,B1017,698,7,Crack,40,37.1,65.3,5.56,2.47,MB-217,Supplier W,Pass,Normal,Normal,Normal,
10016,21-09-2025 00:00,Plant B,Line 4,Widget B,Night,M-07,OP-115,B1091,857,24,Scratch,102,43.2,65.2,5.17,2.21,MB-221,Supplier Y,Pass,Normal,Normal,Normal,
11340,17-03-2025 00:00,Plant A,Line 4,Widget C,Morning,M-08,OP-132,B1107,962,10,Scratch,103,31.4,65.2,4.19,2.32,MB-232,Supplier X,Pass,Normal,Normal,Normal,
10043,11-02-2025 00:00,Plant C,Line 3,Widget A,Evening,M-07,OP-127,B1163,1270,39,Crack,161,38.8,65.2,5.86,1.86,MB-203,Supplier Y,Review,Normal,Normal,Normal,
10894,13-06-2025 00:00,Plant A,Line 3,Widget B,Morning,M-06,OP-145,B1022,915,5,Color Defect,139,43.8,65.2,4.87,2.92,MB-250,Supplier W,Pass,Normal,Normal,Normal,
10999,12-08-2025 00:00,Plant C,Line 1,Widget A,Evening,M-10,OP-119,B1052,1272,16,Scratch,80,44,65.2,4.55,1.77,MB-213,Supplier Z,Pass,Normal,Normal,Normal,
10488,02-11-2025 00:00,Plant C,Line 4,Widget B,Morning,M-05,OP-139,B1033,1117,112,Scratch,101,55.1,65.2,7.15,3.28,MB-202,Supplier Z,Review,Normal,Normal,Normal,
10633,01-08-2025 00:00,Plant B,Line 4,Widget A,Evening,M-07,OP-113,B1063,872,9,Color Defect,141,44.6,65.2,4.93,1.24,MB-231,Supplier W,Pass,Normal,Normal,Normal,
10099,22-06-2025 00:00,Plant A,Line 3,Widget A,Evening,M-05,OP-126,B1195,1350,74,Dent,38,50.2,65.1,3.36,2.31,MB-228,Supplier Y,Review,Normal,Normal,Normal,
11254,29-07-2025 00:00,Plant C,Line 2,Widget C,Morning,M-03,OP-101,B1035,552,14,Crack,138,40,65,5.77,3.37,MB-237,Supplier Z,Pass,Normal,Normal,Normal,
10352,17-10-2025 00:00,Plant B,Line 3,Widget B,Evening,M-03,OP-118,B1040,829,30,Assembly Error,52,42.8,65,4.94,3.45,MB-226,Unknown,Review,Normal,Normal,Normal,
10986,28-07-2025 00:00,Plant A,Line 1,Widget A,Night,M-05,OP-137,B1070,1533,19,Dent,180,40.3,65,5.47,3.01,MB-210,Supplier Y,Pass,Normal,Normal,Normal,
10893,05-05-2025 00:00,Plant A,Line 4,Widget B,Evening,M-12,OP-109,B1155,734,5,Color Defect,110,36.6,65,4.68,2.15,MB-231,Supplier X,Pass,Normal,Normal,Normal,
11090,15-07-2025 00:00,Plant B,Line 2,Widget C,Night,M-09,OP-120,B1148,1175,6,Crack,131,64.5,65,5.62,3.24,MB-218,Supplier X,Pass,Normal,Normal,Normal,
11143,12-04-2025 00:00,Plant C,Line 3,Widget B,Morning,M-04,OP-106,B1016,952,11,Unknown,50,36.6,65,3.95,4.57,MB-203,Supplier Y,Pass,Normal,Normal,Normal,
10792,25-08-2025 00:00,Plant B,Line 1,Widget B,Morning,M-01,OP-108,B1097,1573,17,Color Defect,94,39.9,65,4.83,2.07,MB-223,Supplier W,Pass,Normal,Normal,Normal,
10278,22-09-2025 00:00,Plant A,Line 3,Widget C,Evening,M-05,OP-119,B1089,1184,2,Dimension Error,30,29.1,64.9,5.15,3.39,MB-202,Supplier Y,Pass,Normal,Normal,Normal,
11010,03-11-2025 00:00,Plant C,Line 3,Widget B,Evening,M-03,OP-105,B1079,472,6,Crack,155,45.3,64.9,4.63,3.42,MB-223,Supplier W,Pass,Normal,Normal,Normal,
11243,27-01-2025 00:00,Plant A,Line 4,Widget A,Night,M-04,OP-103,B1116,1347,16,Assembly Error,155,39.5,64.9,5.81,2.35,MB-201,Supplier Y,Pass,Normal,Normal,Normal,
10594,05-07-2025 00:00,Plant A,Line 1,Widget B,Morning,M-06,OP-128,B1029,1316,16,Crack,104,41.6,64.9,4.75,2.15,MB-200,Supplier X,Pass,Normal,Normal,Normal,
10693,27-11-2025 00:00,Plant A,Line 4,Widget D,Morning,M-09,OP-108,B1014,1475,19,Assembly Error,101,32.6,64.9,3.89,1.36,MB-248,Supplier W,Pass,Normal,Normal,Normal,
11227,05-12-2025 00:00,Plant A,Line 4,Widget B,Morning,M-12,OP-138,B1023,920,9,Dimension Error,113,35.3,64.9,5.18,3.62,MB-204,Supplier W,Pass,Normal,Normal,Normal,
11123,28-02-2025 00:00,Plant B,Line 4,Widget A,Night,M-01,OP-113,B1147,1312,45,Dimension Error,21,41.9,64.9,5.13,2.58,MB-211,Supplier Z,Review,Normal,Normal,Normal,
10381,13-06-2025 00:00,Plant A,Line 3,Widget D,Morning,M-05,OP-128,B1195,1149,25,Assembly Error,55,49,64.8,5.41,2.77,MB-241,Supplier Z,Pass,Normal,Normal,Normal,
11207,05-02-2025 00:00,Plant B,Line 1,Widget D,Evening,M-12,OP-118,B1098,1234,21,Color Defect,19,50.2,64.8,4.88,1.17,MB-229,Supplier Y,Pass,Normal,Normal,Normal,
11487,14-04-2025 00:00,Plant C,Line 2,Widget D,Night,M-12,OP-150,B1020,912,5,Dimension Error,14,37.5,64.8,5.08,4.56,MB-236,Supplier W,Pass,Normal,Normal,Normal,
11219,08-07-2025 00:00,Plant C,Line 2,Widget A,Morning,M-06,OP-118,B1039,1386,16,Dent,131,43.6,64.8,4.6,3.56,MB-227,Supplier X,Pass,Normal,Normal,Normal,
10642,20-03-2025 00:00,Plant A,Line 2,Widget A,Morning,M-07,OP-139,B1136,658,5,Crack,105,55.4,64.8,4.18,2.1,MB-243,Supplier Y,Pass,Normal,Normal,Normal,
11058,21-08-2025 00:00,Plant A,Line 2,Widget A,Evening,M-12,OP-129,B1084,848,4,Crack,88,26.8,64.7,4.77,3.3,MB-250,Supplier W,Pass,Normal,Normal,Normal,
10591,21-01-2025 00:00,Plant A,Line 1,Widget C,Night,M-07,OP-137,B1059,1511,18,Assembly Error,170,38.3,64.7,6.11,1.39,MB-220,Supplier Z,Pass,Normal,Normal,Normal,
10322,03-10-2025 00:00,Plant B,Line 1,Widget D,Morning,M-01,OP-135,B1111,498,9,Dimension Error,34,40.8,64.7,4.87,3.18,MB-221,Supplier W,Pass,Normal,Normal,Normal,
10485,05-10-2025 00:00,Plant A,Line 1,Widget B,Morning,M-03,OP-143,B1127,1438,9,Dent,87,57.7,64.7,6.13,3.21,MB-212,Supplier W,Pass,Normal,Normal,Normal,
10253,02-08-2025 00:00,Plant A,Line 2,Widget D,Morning,M-09,OP-101,B1133,759,65,Dimension Error,155,49.5,64.7,5.79,4.62,MB-212,Supplier Z,Review,Normal,Normal,Normal,
11011,15-10-2025 00:00,Plant C,Line 1,Widget D,Morning,M-11,OP-147,B1120,601,6,Scratch,20,52,64.6,5.9,3.97,MB-224,Supplier X,Pass,Normal,Normal,Normal,
10371,02-10-2025 00:00,Plant A,Line 2,Widget C,Night,M-10,OP-118,B1149,1519,17,Crack,50,50.8,64.6,4.41,1.88,MB-213,Supplier W,Pass,Normal,Normal,Normal,
10789,02-11-2025 00:00,Plant A,Line 3,Widget D,Evening,M-03,OP-120,B1145,898,4,Color Defect,88,56.4,64.6,4.47,3.73,MB-237,Supplier X,Pass,Normal,Normal,Normal,
10205,07-05-2025 00:00,Plant B,Line 2,Widget A,Evening,M-01,OP-136,B1128,1215,34,Color Defect,147,37.5,64.6,5.2,3.43,MB-225,Supplier Z,Pass,Normal,Normal,Normal,
11423,13-08-2025 00:00,Plant B,Line 3,Widget B,Morning,M-09,OP-112,B1118,726,4,Color Defect,81,42.9,64.6,4.32,2.05,MB-247,Supplier X,Pass,Normal,Normal,Normal,
11105,09-05-2025 00:00,Plant B,Line 4,Widget D,Morning,M-07,OP-116,B1144,1319,8,Dimension Error,116,42,64.6,3.37,1.58,MB-230,Supplier W,Pass,Normal,Normal,Normal,
10333,02-07-2025 00:00,Plant C,Line 1,Widget C,Evening,M-09,OP-113,B1050,1393,10,Color Defect,38,39.9,64.5,6.26,1.23,MB-218,Supplier Z,Pass,Normal,Normal,Normal,
10523,09-07-2025 00:00,Plant B,Line 2,Widget D,Night,M-07,OP-143,B1067,1378,8,Color Defect,132,51.2,64.5,5.92,2.93,MB-223,Supplier X,Pass,Normal,Normal,Normal,
10504,30-03-2025 00:00,Plant A,Line 1,Widget A,Evening,M-06,OP-122,B1106,1304,16,Color Defect,91,43.7,64.5,4.89,2.57,MB-219,Supplier X,Pass,Normal,Normal,Normal,
10502,04-03-2025 00:00,Plant B,Line 4,Widget B,Evening,M-08,OP-108,B1188,1434,5,Dent,12,31,64.5,3.37,1.94,MB-234,Supplier Y,Pass,Normal,Normal,Normal,
10441,01-05-2025 00:00,Plant A,Line 4,Widget D,Morning,M-04,OP-138,B1190,1323,12,Dimension Error,179,57.7,64.5,4.46,4.48,MB-213,Supplier X,Pass,Normal,Normal,Normal,
10155,27-11-2025 00:00,Plant C,Line 4,Widget D,Evening,M-01,OP-126,B1198,965,84,Dent,110,34,64.5,5.22,3.22,MB-203,Supplier Z,Review,Normal,Normal,Normal,
11460,10-06-2025 00:00,Plant C,Line 1,Widget D,Evening,M-07,OP-138,B1002,816,7,Dimension Error,120,52.5,64.5,4.92,1.19,MB-232,Supplier X,Pass,Normal,Normal,Normal,
10910,23-10-2025 00:00,Plant A,Line 2,Widget C,Morning,M-09,OP-141,B1084,1217,120,Dent,128,42,64.4,3.74,1.97,MB-222,Supplier W,Review,Normal,Normal,Normal,
10984,05-01-2025 00:00,Plant B,Line 1,Widget B,Morning,M-11,OP-113,B1048,1485,6,Color Defect,93,60.9,64.4,3.94,4.65,MB-233,Supplier Z,Pass,Normal,Normal,Normal,
10025,05-12-2025 00:00,Plant A,Line 1,Widget B,Night,M-07,OP-125,B1044,619,4,Assembly Error,136,51.3,64.4,3.33,2.41,MB-238,Supplier Z,Pass,Normal,Normal,Normal,
10626,28-09-2025 00:00,Plant A,Line 4,Widget C,Night,M-10,Unknown,B1041,535,5,Dent,99,35.2,64.4,4.78,1.73,MB-230,Supplier X,Pass,Normal,Normal,Normal,
11299,14-08-2025 00:00,Plant C,Line 4,Widget C,Evening,M-05,OP-120,B1188,504,7,Crack,79,46.6,64.4,5.17,1.97,MB-219,Supplier Z,Pass,Normal,Normal,Normal,
11288,21-01-2025 00:00,Plant C,Line 3,Widget B,Evening,M-03,OP-147,B1193,758,10,Color Defect,147,40.4,64.3,5.88,0.88,MB-239,Supplier W,Pass,Normal,Normal,Normal,
10027,21-03-2025 00:00,Plant B,Line 1,Widget C,Night,M-04,OP-135,B1146,1590,23,Color Defect,24,37.1,64.3,6.35,2.03,MB-210,Supplier W,Pass,Normal,Normal,Normal,
11245,15-05-2025 00:00,Plant B,Line 3,Widget C,Morning,M-07,OP-109,B1116,1186,11,Color Defect,80,31.8,64.2,4.99,0.84,MB-231,Supplier Z,Pass,Normal,Normal,Normal,
10486,01-03-2025 00:00,Plant B,Line 4,Widget A,Morning,M-03,OP-144,B1043,1574,14,Scratch,82,41,64.2,5.97,2.74,MB-225,Supplier W,Pass,Normal,Normal,Normal,
10225,08-01-2025 00:00,Plant A,Line 2,Widget D,Morning,M-06,OP-129,B1174,461,3,Dimension Error,80,34.9,64.2,6.17,1.42,MB-236,Supplier X,Pass,Normal,Normal,Normal,
10724,22-03-2025 00:00,Plant C,Line 1,Widget B,Morning,M-12,OP-138,B1111,722,42,Crack,127,41.9,64.2,6.36,4.87,MB-225,Supplier W,Review,Normal,Normal,Normal,
11077,25-05-2025 00:00,Plant C,Line 1,Widget C,Night,M-10,OP-131,B1140,533,7,Assembly Error,131,38.3,64.2,4.19,2.98,MB-246,Supplier W,Pass,Normal,Normal,Normal,
10479,15-01-2025 00:00,Plant A,Line 1,Widget C,Evening,M-07,OP-121,B1036,1512,32,Dimension Error,138,41.8,64.1,5.43,4.88,MB-220,Supplier Z,Pass,Normal,Normal,Normal,
10237,21-04-2025 00:00,Plant A,Line 1,Widget B,Morning,M-08,OP-108,B1041,1436,14,Dimension Error,94,41.6,64.1,6.1,5.35,MB-219,Supplier W,Pass,Normal,Normal,Normal,
11306,27-11-2025 00:00,Plant A,Line 2,Widget A,Morning,M-04,OP-134,B1141,982,5,Color Defect,45,41.3,64.1,5.65,1.99,MB-234,Supplier Z,Pass,Normal,Normal,Normal,
10719,10-11-2025 00:00,Plant A,Line 1,Widget D,Evening,M-05,OP-123,B1028,1422,20,Crack,106,41.5,64.1,5.7,4.36,MB-222,Supplier Z,Pass,Normal,Normal,Normal,
10781,02-05-2025 00:00,Plant C,Line 4,Widget A,Morning,M-06,OP-141,B1102,1441,48,Assembly Error,102,45.9,64.1,4.88,4.45,MB-217,Supplier X,Review,Normal,Normal,Normal,
11277,30-12-2025 00:00,Plant B,Line 3,Widget B,Morning,M-05,OP-125,B1072,952,2,Dent,128,30.4,64.1,5.3,2.89,MB-204,Supplier Z,Pass,Normal,Normal,Normal,
11447,26-05-2025 00:00,Plant B,Line 1,Widget D,Night,M-02,OP-136,B1106,848,2,Dent,171,54.3,64.1,6.37,1.75,MB-232,Supplier Z,Pass,Normal,Normal,Normal,
10656,10-10-2025 00:00,Plant B,Line 1,Widget D,Evening,M-07,OP-122,B1073,1243,17,Crack,91,44.7,64.1,6.26,0.96,MB-235,Supplier Z,Pass,Normal,Normal,Normal,
10442,28-10-2025 00:00,Plant A,Line 2,Widget B,Evening,M-12,OP-140,B1164,1347,49,Dent,116,54.1,64.1,5.02,3.85,MB-230,Supplier W,Review,Normal,Normal,Normal,
10217,27-02-2025 00:00,Plant A,Line 3,Widget A,Evening,M-05,OP-126,B1019,718,6,Assembly Error,138,45.2,64.1,5.25,3.29,MB-213,Supplier Y,Pass,Normal,Normal,Normal,
10325,10-03-2025 00:00,Plant A,Line 2,Widget A,Evening,M-04,OP-136,B1145,1485,51,Scratch,13,38.9,64,6.02,2.08,MB-214,Supplier X,Review,Normal,Normal,Normal,
10179,26-07-2025 00:00,Plant A,Line 3,Widget C,Morning,M-02,OP-101,B1101,1221,12,Dimension Error,42,42.3,64,5.88,3.85,MB-246,Supplier W,Pass,Normal,Normal,Normal,
11075,15-01-2025 00:00,Plant A,Line 3,Widget A,Morning,M-09,OP-122,B1010,1360,12,Crack,85,37,63.9,4.9,2.19,MB-235,Supplier Z,Pass,Normal,Normal,Normal,
11404,25-01-2025 00:00,Plant A,Line 4,Widget D,Evening,M-10,OP-134,B1031,675,13,Dimension Error,93,32.9,63.9,5.65,4.92,MB-250,Supplier Y,Pass,Normal,Normal,Normal,
10433,26-11-2025 00:00,Plant A,Line 3,Widget C,Night,M-11,OP-115,B1168,991,12,Scratch,119,48.3,63.9,6.65,3.42,MB-238,Supplier W,Pass,Normal,Normal,Normal,
11272,14-11-2025 00:00,Plant A,Line 2,Widget B,Evening,M-08,OP-103,B1082,624,1,Color Defect,134,39.3,63.9,4.71,2.07,MB-219,Supplier Z,Pass,Normal,Normal,Normal,
11118,17-11-2025 00:00,Plant C,Line 3,Widget B,Evening,M-04,OP-123,B1073,744,4,Assembly Error,54,50.2,63.9,5.2,3.26,MB-202,Supplier W,Pass,Normal,Normal,Normal,
10459,17-02-2025 00:00,Plant C,Line 4,Widget C,Evening,M-04,OP-106,B1170,1280,9,Crack,114,40.5,63.9,3.34,2.41,MB-238,Supplier Y,Pass,Normal,Normal,Normal,
10040,16-09-2025 00:00,Plant A,Line 2,Widget B,Evening,M-05,OP-123,B1137,539,9,Color Defect,176,46.4,63.9,7.11,2.14,MB-234,Supplier Y,Pass,Normal,Normal,Normal,
10243,31-01-2025 00:00,Plant A,Line 1,Widget C,Night,M-10,OP-148,B1038,826,6,Crack,136,37.6,63.9,4.09,1.69,MB-206,Supplier X,Pass,Normal,Normal,Normal,
10778,31-08-2025 00:00,Plant B,Line 4,Widget C,Morning,M-05,OP-142,B1181,1525,123,Dimension Error,116,46.4,63.8,5.69,3.32,MB-226,Supplier X,Review,Normal,Normal,Normal,
10835,09-04-2025 00:00,Plant C,Line 4,Widget A,Evening,M-08,OP-144,B1095,842,23,Dimension Error,87,38.1,63.8,6.37,0.86,MB-223,Supplier Y,Pass,Normal,Normal,Normal,
10506,27-02-2025 00:00,Plant A,Line 2,Widget C,Morning,M-01,OP-115,B1033,1233,4,Dimension Error,74,33,63.8,5.15,5.8,MB-222,Supplier X,Pass,Normal,Normal,Normal,
11012,01-05-2025 00:00,Plant C,Line 1,Widget D,Night,M-05,OP-141,B1073,681,3,Color Defect,67,45.6,63.8,4.56,3.54,MB-248,Supplier X,Pass,Normal,Normal,Normal,
11258,09-10-2025 00:00,Plant B,Line 3,Widget A,Evening,M-06,OP-135,B1199,791,7,Scratch,63,36.6,63.8,5.79,1.43,MB-219,Supplier W,Pass,Normal,Normal,Normal,
11475,16-02-2025 00:00,Plant B,Line 1,Widget B,Night,M-11,OP-107,B1150,739,5,Scratch,117,41.5,63.7,6.44,2.03,MB-211,Supplier X,Pass,Normal,Normal,Normal,
11468,26-07-2025 00:00,Plant B,Line 3,Widget A,Morning,M-06,OP-112,B1135,1180,6,Color Defect,32,45.3,63.7,4.06,3.59,MB-230,Supplier X,Pass,Normal,Normal,Normal,
10837,27-08-2025 00:00,Plant A,Line 3,Widget D,Morning,M-04,OP-121,B1188,758,8,Assembly Error,98,40.7,63.7,5.21,1.61,MB-213,Supplier Y,Pass,Normal,Normal,Normal,
10787,20-07-2025 00:00,Plant A,Line 3,Widget B,Evening,M-05,OP-133,B1152,902,11,Assembly Error,174,44.6,63.7,4.73,2.55,MB-219,Supplier X,Pass,Normal,Normal,Normal,
10165,16-02-2025 00:00,Plant B,Line 4,Widget C,Morning,M-06,OP-121,B1053,755,10,Scratch,153,39.5,63.7,6.4,2.24,MB-231,Unknown,Pass,Normal,Normal,Normal,
11218,10-12-2025 00:00,Plant B,Line 2,Widget D,Evening,M-01,OP-109,B1153,674,11,Color Defect,28,45.1,63.6,5.47,2.18,MB-247,Supplier X,Pass,Normal,Normal,Normal,
10990,03-10-2025 00:00,Plant B,Line 4,Widget A,Evening,M-10,OP-137,B1005,1419,16,Dent,43,48.3,63.6,5.24,2.92,MB-236,Supplier W,Pass,Normal,Normal,Normal,
10222,24-03-2025 00:00,Plant A,Line 3,Widget A,Morning,M-07,OP-130,B1024,525,17,Dent,160,43.3,63.6,6.31,2.5,MB-241,Supplier X,Review,Normal,Normal,Normal,
11425,12-05-2025 00:00,Plant B,Line 2,Widget A,Evening,M-04,OP-135,B1129,846,14,Color Defect,120,37.9,63.6,5.62,2.72,MB-228,Supplier Z,Pass,Normal,Normal,Normal,
10760,19-01-2025 00:00,Plant B,Line 3,Widget B,Morning,M-01,OP-128,B1081,706,7,Scratch,83,44,63.6,4.9,2.91,MB-209,Unknown,Pass,Normal,Normal,Normal,
10098,07-01-2025 00:00,Plant C,Line 4,Widget B,Night,M-05,OP-122,B1132,871,7,Color Defect,134,40.4,63.6,5.51,4.3,MB-222,Supplier Y,Pass,Normal,Normal,Normal,
10965,16-05-2025 00:00,Plant A,Line 2,Widget B,Morning,M-03,OP-124,B1148,603,12,Crack,127,34.8,63.6,5.01,1.76,MB-213,Supplier Y,Pass,Normal,Normal,Normal,
11271,21-09-2025 00:00,Plant C,Line 4,Widget D,Morning,M-10,OP-130,B1122,909,15,Scratch,180,47.4,63.6,5.36,0.75,MB-222,Supplier Z,Pass,Normal,Normal,Normal,
10033,21-04-2025 00:00,Plant A,Line 3,Widget C,Evening,M-11,OP-116,B1007,518,8,Crack,136,38.4,63.5,5.15,3.85,MB-228,Supplier W,Pass,Normal,Normal,Normal,
10430,29-07-2025 00:00,Plant B,Line 1,Widget C,Evening,M-01,OP-134,B1045,1145,11,Dent,71,43.1,63.5,5.09,2.34,MB-236,Supplier X,Pass,Normal,Normal,Normal,
11232,19-01-2025 00:00,Plant B,Line 2,Widget B,Morning,M-07,OP-125,B1059,488,6,Crack,15,38.9,63.5,5.16,3.75,MB-237,Supplier Z,Pass,Normal,Normal,Normal,
10238,03-06-2025 00:00,Plant B,Line 3,Widget C,Morning,M-11,OP-119,B1191,660,8,Crack,138,36.1,63.4,5.87,3.06,MB-239,Supplier W,Pass,Normal,Normal,Normal,
10716,12-06-2025 00:00,Plant C,Line 1,Widget A,Night,M-05,OP-114,B1121,1416,6,Dimension Error,33,37.4,63.4,5.49,1.66,MB-228,Supplier X,Pass,Normal,Normal,Normal,
10967,30-12-2025 00:00,Plant C,Line 4,Widget D,Evening,M-02,OP-108,B1013,1524,8,Crack,105,43.4,63.4,5.3,4.37,MB-236,Supplier Z,Pass,Normal,Normal,Normal,
10638,13-07-2025 00:00,Plant B,Line 3,Widget A,Morning,M-06,OP-119,B1057,917,7,Dimension Error,57,32.6,63.4,4.15,5.02,MB-230,Supplier Z,Pass,Normal,Normal,Normal,
10384,17-10-2025 00:00,Plant C,Line 2,Widget B,Evening,M-02,OP-102,B1093,805,11,Dent,36,46.6,63.4,5.75,2.63,MB-212,Supplier Z,Pass,Normal,Normal,Normal,
11015,27-11-2025 00:00,Plant A,Line 2,Widget C,Morning,M-08,OP-112,B1084,629,7,Dent,20,46.2,63.4,5.79,3.1,MB-221,Supplier Z,Pass,Normal,Normal,Normal,
11183,02-05-2025 00:00,Plant A,Line 1,Widget D,Morning,M-09,OP-122,B1051,1533,14,Scratch,52,32.6,63.3,4.41,3.13,MB-215,Supplier W,Pass,Normal,Normal,Normal,
10920,21-11-2025 00:00,Plant C,Line 4,Widget B,Evening,M-04,OP-112,B1067,1398,19,Dimension Error,175,36.2,63.3,4.29,3.25,MB-220,Supplier W,Pass,Normal,Normal,Normal,
10654,11-08-2025 00:00,Plant A,Line 2,Widget C,Morning,M-12,OP-144,B1158,687,6,Color Defect,153,49.7,63.3,4.04,0.84,MB-216,Supplier Z,Pass,Normal,Normal,Normal,
10201,22-04-2025 00:00,Plant B,Line 3,Widget A,Evening,M-10,OP-142,B1180,545,2,Crack,13,38.2,63.3,5.37,2.82,MB-216,Supplier Z,Pass,Normal,Normal,Normal,
11297,11-04-2025 00:00,Plant B,Line 2,Widget C,Evening,M-08,OP-149,B1111,752,4,Crack,39,53.5,63.2,5.58,3.39,MB-247,Supplier Z,Pass,Normal,Normal,Normal,
10689,06-08-2025 00:00,Plant C,Line 1,Widget C,Evening,M-03,OP-112,B1087,690,5,Crack,156,34.1,63.2,4.98,0.79,MB-243,Supplier Y,Pass,Normal,Normal,Normal,
10831,05-06-2025 00:00,Plant A,Line 4,Widget D,Morning,M-06,OP-149,B1163,1428,57,Dent,66,42.2,63.2,5.98,4.4,MB-204,Supplier X,Review,Normal,Normal,Normal,
10942,29-06-2025 00:00,Plant B,Line 4,Widget A,Morning,M-07,OP-117,B1070,874,10,Dent,158,13.5,63.1,3.78,4.06,MB-208,Supplier Y,Pass,Normal,Normal,Normal,
11128,01-02-2025 00:00,Plant B,Line 3,Widget D,Night,M-12,OP-126,B1093,849,8,Assembly Error,76,46.7,63.1,5.78,1.07,MB-236,Supplier X,Pass,Normal,Normal,Normal,
10864,26-11-2025 00:00,Plant C,Line 3,Widget D,Morning,M-07,OP-115,B1025,622,5,Assembly Error,143,33.9,63.1,5.49,4.56,MB-220,Supplier Z,Pass,Normal,Normal,Normal,
10206,03-09-2025 00:00,Plant B,Line 3,Widget A,Evening,M-02,OP-129,B1093,1148,11,Dent,86,37.8,63.1,7.13,3.04,MB-208,Supplier W,Pass,Normal,Normal,Normal,
10050,11-06-2025 00:00,Plant A,Line 3,Widget C,Morning,M-02,OP-107,B1092,1396,27,Dent,12,47.1,63,4.78,3.34,MB-232,Supplier W,Pass,Normal,Normal,Normal,
11027,19-11-2025 00:00,Plant C,Line 3,Widget D,Evening,M-03,OP-119,B1170,1003,10,Assembly Error,114,42.2,63,5.05,1.91,MB-234,Supplier Z,Pass,Normal,Normal,Normal,
11016,27-01-2025 00:00,Plant A,Line 1,Widget A,Morning,M-12,OP-131,B1062,1156,15,Color Defect,138,40.2,63,5,3.55,MB-212,Supplier X,Pass,Normal,Normal,Normal,
11322,22-12-2025 00:00,Plant C,Line 1,Widget B,Night,M-10,OP-112,B1087,1265,9,Dent,109,46.3,62.9,3.94,2.87,MB-229,Supplier Z,Pass,Normal,Normal,Normal,
10187,03-03-2025 00:00,Plant C,Line 4,Widget D,Morning,M-11,OP-132,B1090,670,6,Crack,162,46.6,62.9,5.04,2.79,MB-233,Supplier X,Pass,Normal,Normal,Normal,
11239,10-11-2025 00:00,Plant A,Line 3,Widget B,Morning,M-07,OP-122,B1156,506,6,Unknown,93,56.8,62.9,3.44,2.17,MB-239,Supplier W,Pass,Normal,Normal,Normal,
11393,11-02-2025 00:00,Plant B,Line 3,Widget B,Night,M-07,OP-113,B1166,1433,11,Dent,15,51.4,62.8,5.31,2.05,MB-209,Supplier Z,Pass,Normal,Normal,Normal,
10164,26-03-2025 00:00,Plant A,Line 4,Widget C,Night,M-06,OP-147,B1195,1149,10,Assembly Error,80,46.8,62.8,5.73,3.31,MB-222,Supplier Y,Pass,Normal,Normal,Normal,
10625,02-10-2025 00:00,Plant C,Line 1,Widget C,Evening,M-02,OP-145,B1195,471,17,Dent,168,36.3,62.8,5.6,3.5,MB-239,Supplier Y,Review,Normal,Normal,Normal,
10703,10-04-2025 00:00,Plant C,Line 1,Widget B,Night,M-07,OP-130,B1148,1144,11,Color Defect,179,36.8,62.8,5.1,3.17,MB-226,Supplier W,Pass,Normal,Normal,Normal,
11125,28-03-2025 00:00,Plant B,Line 2,Widget A,Evening,M-03,OP-132,B1189,1321,26,Color Defect,96,47,62.7,3.66,2.91,MB-240,Supplier X,Pass,Normal,Normal,Normal,
10141,04-08-2025 00:00,Plant C,Line 3,Widget C,Evening,M-09,OP-150,B1178,1269,17,Scratch,86,56.8,62.7,6.22,3.22,MB-234,Supplier W,Pass,Normal,Normal,Normal,
10878,04-07-2025 00:00,Plant B,Line 1,Widget C,Evening,M-12,OP-136,B1171,1164,7,Dimension Error,106,39.7,62.7,4.32,3.47,MB-248,Supplier Z,Pass,Normal,Normal,Normal,
10203,18-03-2025 00:00,Plant A,Line 4,Widget B,Night,M-06,OP-104,B1038,636,33,Color Defect,76,52.3,62.7,5.37,1.59,MB-227,Supplier X,Review,Normal,Normal,Normal,
11021,18-10-2025 00:00,Plant A,Line 1,Widget C,Morning,M-08,OP-122,B1069,1167,13,Dimension Error,77,52.6,62.7,5.83,2.41,MB-226,Supplier W,Pass,Normal,Normal,Normal,
10593,08-11-2025 00:00,Plant B,Line 3,Widget D,Evening,M-12,OP-148,B1197,993,10,Color Defect,88,38.9,62.7,4.99,5.01,MB-243,Supplier X,Pass,Normal,Normal,Normal,
11065,16-05-2025 00:00,Plant C,Line 4,Widget B,Evening,M-12,OP-128,B1139,809,4,Assembly Error,6,52.4,62.7,5.93,3.22,MB-233,Supplier Z,Pass,Normal,Normal,Normal,
10995,26-07-2025 00:00,Plant C,Line 3,Widget C,Night,M-10,OP-114,B1115,1206,9,Scratch,40,33,62.6,5.68,1.25,MB-227,Supplier W,Pass,Normal,Normal,Normal,
11209,07-12-2025 00:00,Plant A,Line 4,Widget A,Morning,M-08,OP-108,B1010,506,9,Color Defect,142,46,62.6,6.19,3.34,MB-227,Supplier W,Pass,Normal,Normal,Normal,
10658,01-10-2025 00:00,Plant A,Line 3,Widget D,Morning,M-04,OP-129,B1024,1067,6,Color Defect,81,34.9,62.6,3.75,2.16,MB-218,Supplier W,Pass,Normal,Normal,Normal,
11136,11-03-2025 00:00,Plant C,Line 4,Widget D,Evening,M-12,OP-117,B1021,763,14,Assembly Error,87,39.1,62.6,5.7,2.27,MB-209,Supplier Z,Pass,Normal,Normal,Normal,
10345,25-01-2025 00:00,Plant C,Line 4,Widget D,Evening,M-02,OP-137,B1025,681,3,Crack,141,48.1,62.5,5.67,3.48,MB-235,Supplier Y,Pass,Normal,Normal,Normal,
10616,05-07-2025 00:00,Plant A,Line 1,Widget A,Night,M-03,OP-127,B1007,1281,32,Crack,13,44.5,62.4,5.6,3.52,MB-250,Supplier Z,Pass,Normal,Normal,Normal,
11182,12-03-2025 00:00,Plant B,Line 1,Widget C,Evening,M-09,OP-142,B1074,1096,2,Color Defect,172,32.3,62.3,5.44,1.79,MB-201,Unknown,Pass,Normal,Normal,Normal,
10814,28-04-2025 00:00,Plant A,Line 4,Widget C,Morning,M-09,OP-113,B1117,1309,11,Assembly Error,120,30.2,62.3,5.05,4.2,MB-220,Supplier Z,Pass,Normal,Normal,Normal,
10409,25-02-2025 00:00,Plant C,Line 2,Widget D,Night,M-09,OP-111,B1069,1196,7,Dimension Error,133,38.9,62.3,3.43,2.55,MB-204,Supplier Y,Pass,Normal,Normal,Normal,
11129,09-12-2025 00:00,Plant B,Line 3,Widget C,Evening,M-10,OP-134,B1003,648,8,Color Defect,88,54.3,62.3,3.79,4.7,MB-200,Supplier Z,Pass,Normal,Normal,Normal,
11237,11-05-2025 00:00,Plant A,Line 4,Widget D,Evening,M-05,OP-150,B1111,1024,9,Scratch,174,65.2,62.3,5.54,4.45,MB-246,Supplier Z,Pass,Normal,Normal,Normal,
10123,20-07-2025 00:00,Plant A,Line 4,Widget C,Morning,M-03,OP-104,B1185,1342,14,Unknown,157,37.8,62.3,6.37,2.23,MB-235,Supplier W,Pass,Normal,Normal,Normal,
11135,18-07-2025 00:00,Plant C,Line 1,Widget A,Morning,M-12,OP-119,B1022,1250,19,Dimension Error,15,36.9,62.2,4.86,3.98,MB-249,Supplier Z,Pass,Normal,Normal,Normal,
10129,06-08-2025 00:00,Plant C,Line 4,Widget C,Morning,M-01,OP-129,B1108,1560,11,Assembly Error,103,45.2,62.1,4.48,2.06,MB-212,Supplier X,Pass,Normal,Normal,Normal,
11106,12-01-2025 00:00,Plant C,Line 1,Widget D,Morning,M-02,OP-114,B1055,1208,3,Scratch,151,49.5,62.1,3.38,3.73,MB-213,Supplier W,Pass,Normal,Normal,Normal,
11405,11-01-2025 00:00,Plant A,Line 2,Widget B,Morning,M-12,OP-113,B1091,631,24,Color Defect,66,35.2,62.1,4.93,3.08,MB-250,Supplier Z,Review,Normal,Normal,Normal,
10969,02-08-2025 00:00,Plant B,Line 2,Widget D,Morning,M-02,OP-132,B1042,543,48,Dent,135,46.1,62,4.91,0.19,MB-214,Supplier W,Review,Normal,Normal,Normal,
11052,08-09-2025 00:00,Plant B,Line 4,Widget B,Night,M-09,Unknown,B1097,1320,40,Dimension Error,40,50.4,62,4.34,2.32,MB-248,Supplier Y,Review,Normal,Normal,Normal,
11030,09-11-2025 00:00,Plant A,Line 4,Widget D,Evening,M-06,OP-117,B1026,921,6,Scratch,21,38.5,61.9,6.97,3.75,MB-223,Supplier W,Pass,Normal,Normal,Normal,
10767,27-11-2025 00:00,Plant A,Line 4,Widget B,Night,M-02,OP-113,B1132,1007,31,Dent,54,44,61.9,5.16,4.4,MB-227,Supplier X,Review,Normal,Normal,Normal,
10463,12-03-2025 00:00,Plant A,Line 1,Widget A,Morning,M-05,OP-105,B1189,508,2,Color Defect,136,50.3,61.8,4.92,4.67,MB-214,Supplier X,Pass,Normal,Normal,Normal,
11064,19-02-2025 00:00,Plant B,Line 3,Widget A,Evening,M-11,OP-140,B1062,1054,12,Dent,25,39.4,61.8,5.35,1.19,MB-219,Supplier X,Pass,Normal,Normal,Normal,
11025,11-06-2025 00:00,Plant C,Line 4,Widget A,Morning,M-07,OP-113,B1181,600,7,Dimension Error,6,48.8,61.8,5.31,1.81,MB-242,Supplier Z,Pass,Normal,Normal,Normal,
10195,22-07-2025 00:00,Plant C,Line 1,Widget B,Morning,M-06,OP-118,B1119,1229,45,Assembly Error,79,42,61.8,6.09,3.99,MB-240,Supplier Y,Review,Normal,Normal,Normal,
11062,03-11-2025 00:00,Plant C,Line 3,Widget B,Morning,M-11,OP-109,B1173,1199,13,Assembly Error,42,36.8,61.8,5.17,4.69,MB-202,Supplier X,Pass,Normal,Normal,Normal,
11082,02-12-2025 00:00,Plant B,Line 1,Widget C,Evening,M-02,OP-131,B1187,1348,11,Assembly Error,143,44,61.8,4.46,0.78,MB-243,Unknown,Pass,Normal,Normal,Normal,
10529,26-09-2025 00:00,Plant C,Line 2,Widget D,Morning,M-06,OP-145,B1070,759,8,Color Defect,137,45.6,61.7,5.98,5.06,MB-219,Supplier Y,Pass,Normal,Normal,Normal,
10623,16-10-2025 00:00,Plant C,Line 1,Widget D,Evening,M-08,OP-144,B1056,656,20,Crack,100,52,61.7,6.29,4.27,MB-211,Supplier Y,Review,Normal,Normal,Normal,
11146,21-04-2025 00:00,Plant B,Line 2,Widget D,Night,M-09,OP-116,B1041,1489,19,Scratch,7,50.3,61.7,5.86,1.76,MB-237,Supplier W,Pass,Normal,Normal,Normal,
11341,24-04-2025 00:00,Plant A,Line 1,Widget C,Evening,M-07,OP-117,B1169,1024,11,Color Defect,95,38.5,61.7,6.5,4.02,MB-228,Supplier Y,Pass,Normal,Normal,Normal,
10884,08-06-2025 00:00,Plant A,Line 3,Widget A,Night,M-03,OP-115,B1176,1568,22,Assembly Error,61,54.7,61.7,5.4,2.9,MB-240,Supplier Z,Pass,Normal,Normal,Normal,
11395,20-03-2025 00:00,Plant B,Line 4,Widget B,Morning,M-09,OP-149,B1051,543,7,Assembly Error,125,47.9,61.6,4.27,1.21,MB-203,Supplier W,Pass,Normal,Normal,Normal,
10875,24-10-2025 00:00,Plant B,Line 1,Widget A,Evening,M-06,OP-123,B1163,781,25,Dent,101,38.8,61.6,6.1,4.56,MB-246,Supplier X,Review,Normal,Normal,Normal,
10853,25-12-2025 00:00,Plant C,Line 3,Widget A,Evening,M-09,OP-109,B1118,1345,9,Dent,89,43.3,61.6,5.74,2.39,MB-225,Supplier X,Pass,Normal,Normal,Normal,
10111,18-05-2025 00:00,Plant B,Line 3,Widget A,Evening,M-06,OP-145,B1197,573,4,Color Defect,85,37.9,61.6,4.08,0.29,MB-220,Supplier Y,Pass,Normal,Normal,Normal,
10385,19-05-2025 00:00,Plant A,Line 3,Widget D,Evening,M-02,OP-150,B1073,502,3,Assembly Error,102,39.5,61.6,6.94,1.56,MB-213,Unknown,Pass,Normal,Normal,Normal,
10655,25-03-2025 00:00,Plant A,Line 1,Widget C,Evening,M-10,OP-144,B1024,1315,9,Assembly Error,141,50.2,61.5,5.63,0.96,MB-211,Supplier W,Pass,Normal,Normal,Normal,
11454,20-08-2025 00:00,Plant C,Line 4,Widget B,Night,M-07,OP-114,B1185,695,45,Dimension Error,69,34,61.5,4.47,3.18,MB-206,Supplier X,Review,Normal,Normal,Normal,
10265,20-12-2025 00:00,Plant A,Line 4,Widget D,Morning,M-01,OP-113,B1000,1011,22,Scratch,38,31.9,61.5,5.42,0.45,MB-206,Supplier X,Pass,Normal,Normal,Normal,
11413,06-03-2025 00:00,Plant A,Line 2,Widget C,Evening,M-01,OP-150,B1086,1156,9,Scratch,150,54,61.5,5.09,4.31,MB-241,Supplier W,Pass,Normal,Normal,Normal,
11305,28-11-2025 00:00,Plant B,Line 1,Widget A,Evening,M-12,OP-143,B1125,1422,21,Dimension Error,13,41.5,61.4,4.98,3.49,MB-217,Supplier Y,Pass,Normal,Normal,Normal,
11466,18-09-2025 00:00,Plant C,Line 3,Widget B,Morning,M-07,OP-150,B1066,647,21,Crack,73,48.5,61.4,5.85,0.58,MB-244,Supplier W,Review,Normal,Normal,Normal,
10858,29-06-2025 00:00,Plant B,Line 1,Widget A,Morning,M-11,OP-125,B1143,887,29,Color Defect,104,38,61.4,4.72,3.04,MB-228,Supplier W,Review,Normal,Normal,Normal,
11491,24-03-2025 00:00,Plant A,Line 1,Widget A,Evening,M-05,OP-115,B1089,1118,13,Assembly Error,92,40.9,61.3,5.89,3.15,MB-220,Supplier X,Pass,Normal,Normal,Normal,
11035,09-06-2025 00:00,Plant B,Line 1,Widget A,Evening,M-08,OP-132,B1151,1341,51,Assembly Error,144,38.4,61.3,3.85,4.25,MB-227,Supplier X,Review,Normal,Normal,Normal,
11457,25-06-2025 00:00,Plant C,Line 4,Widget A,Morning,M-12,OP-149,B1142,1521,4,Dimension Error,72,53,61.3,4.75,2.92,MB-212,Supplier Y,Pass,Normal,Normal,Normal,
10361,07-02-2025 00:00,Plant A,Line 1,Widget A,Evening,M-12,OP-112,B1144,1084,13,Assembly Error,83,39.7,61.3,5.79,2.57,MB-217,Supplier Z,Pass,Normal,Normal,Normal,
11422,29-03-2025 00:00,Plant A,Line 4,Widget C,Night,M-11,OP-149,B1114,1372,4,Crack,79,47.3,61.3,7.03,3.7,MB-239,Supplier W,Pass,Normal,Normal,Normal,
10688,16-03-2025 00:00,Plant C,Line 4,Widget C,Morning,M-03,OP-136,B1117,1366,22,Scratch,171,45.2,61.3,4.67,4.06,MB-245,Supplier Z,Pass,Normal,Normal,Normal,
10318,20-08-2025 00:00,Plant A,Line 4,Widget B,Morning,M-06,OP-131,B1013,951,4,Scratch,121,33.9,61.3,3.96,3.53,MB-225,Supplier X,Pass,Normal,Normal,Normal,
11153,03-05-2025 00:00,Plant C,Line 4,Widget C,Night,M-04,OP-150,B1141,1364,47,Assembly Error,33,35.3,61.2,4.51,3.42,MB-220,Supplier Y,Review,Normal,Normal,Normal,
10499,23-04-2025 00:00,Plant A,Line 2,Widget A,Morning,M-12,OP-138,B1133,1020,4,Assembly Error,112,28.5,61.1,4.88,1.46,MB-226,Supplier Z,Pass,Normal,Normal,Normal,
10509,03-02-2025 00:00,Plant B,Line 4,Widget C,Morning,M-06,OP-114,B1167,621,7,Dent,123,35.4,61.1,5.3,3.09,MB-245,Supplier Z,Pass,Normal,Normal,Normal,
10739,06-06-2025 00:00,Plant B,Line 1,Widget C,Morning,M-05,OP-144,B1037,1579,17,Scratch,66,42.1,61,4.85,3.44,MB-202,Supplier W,Pass,Normal,Normal,Normal,
11132,23-03-2025 00:00,Plant B,Line 3,Widget C,Morning,M-03,OP-134,B1108,1414,17,Assembly Error,157,37.7,60.9,6.35,1.73,MB-241,Supplier W,Pass,Normal,Normal,Normal,
10565,26-09-2025 00:00,Plant B,Line 3,Widget C,Night,M-05,OP-106,B1013,632,6,Assembly Error,136,40.1,60.9,6.28,5.11,MB-214,Supplier W,Pass,Normal,Normal,Normal,
10916,31-10-2025 00:00,Plant C,Line 3,Widget B,Morning,M-07,OP-139,B1155,1237,2,Dent,68,42.1,60.8,6.51,2.25,MB-249,Supplier Z,Pass,Normal,Normal,Normal,
10075,30-07-2025 00:00,Plant B,Line 1,Widget D,Evening,M-11,OP-103,B1155,1134,5,Dent,39,39.1,60.7,5.59,2.34,MB-248,Supplier Y,Pass,Normal,Normal,Normal,
11382,31-03-2025 00:00,Plant C,Line 3,Widget B,Morning,M-11,OP-146,B1105,1071,5,Crack,135,46.7,60.7,5.87,2.81,MB-224,Supplier W,Pass,Normal,Normal,Normal,
10921,23-06-2025 00:00,Plant B,Line 1,Widget D,Evening,M-11,OP-147,B1158,1143,17,Assembly Error,81,41.9,60.6,4.96,3.53,MB-212,Supplier Y,Pass,Normal,Normal,Normal,
10294,15-04-2025 00:00,Plant B,Line 4,Widget A,Evening,M-02,OP-115,B1027,1022,13,Dent,174,35.8,60.6,4.57,3.17,MB-226,Supplier W,Pass,Normal,Normal,Normal,
11107,18-01-2025 00:00,Plant C,Line 1,Widget D,Evening,M-04,OP-107,B1022,984,13,Dimension Error,166,43.4,60.5,5.16,0.82,MB-234,Supplier Y,Pass,Normal,Normal,Normal,
11316,10-01-2025 00:00,Plant B,Line 3,Widget C,Evening,M-08,OP-149,B1055,1060,7,Assembly Error,114,30.9,60.4,5.7,4.22,MB-247,Supplier X,Pass,Normal,Normal,Normal,
10832,16-03-2025 00:00,Plant C,Line 2,Widget C,Morning,M-03,OP-115,B1016,626,5,Dimension Error,116,45,60.4,5.68,3.49,MB-244,Supplier W,Pass,Normal,Normal,Normal,
11320,05-08-2025 00:00,Plant A,Line 1,Widget C,Morning,M-04,OP-105,B1196,529,4,Dent,20,45.5,60.3,5.15,3.83,MB-203,Supplier Z,Pass,Normal,Normal,Normal,
10007,13-02-2025 00:00,Plant B,Line 2,Widget C,Morning,M-07,OP-128,B1189,1027,10,Dimension Error,133,39.3,60.3,5.44,3.09,MB-238,Supplier Y,Pass,Normal,Normal,Normal,
10160,05-10-2025 00:00,Plant A,Line 3,Widget A,Morning,M-12,OP-113,B1172,620,2,Crack,14,66.5,60.3,7.01,2.46,MB-219,Supplier X,Pass,Normal,Normal,Normal,
10685,04-12-2025 00:00,Plant A,Line 2,Widget D,Night,M-08,OP-149,B1039,571,6,Scratch,93,47.1,60.3,5.09,1.18,MB-203,Supplier Y,Pass,Normal,Normal,Normal,
10749,18-09-2025 00:00,Plant C,Line 2,Widget D,Evening,M-02,OP-127,B1100,1308,41,Dimension Error,177,32.9,60.3,6.01,1.13,MB-247,Supplier Y,Review,Normal,Normal,Normal,
10762,19-03-2025 00:00,Plant B,Line 2,Widget A,Morning,M-09,OP-141,B1022,807,9,Dent,42,39,60.2,3.37,1.58,MB-210,Supplier Z,Pass,Normal,Normal,Normal,
11421,06-10-2025 00:00,Plant C,Line 3,Widget C,Morning,M-06,OP-142,B1154,1277,23,Crack,77,39.8,60.2,7.28,1.66,MB-247,Supplier W,Pass,Normal,Normal,Normal,
11041,19-01-2025 00:00,Plant C,Line 1,Widget B,Evening,M-03,OP-114,B1160,1186,7,Crack,46,40.3,60.1,6.18,1.73,MB-211,Supplier Z,Pass,Normal,Normal,Normal,
10579,18-04-2025 00:00,Plant A,Line 3,Widget A,Morning,M-06,OP-149,B1077,458,9,Dent,84,38.5,60.1,5.16,1.06,MB-220,Supplier Y,Pass,Normal,Normal,Normal,
11097,24-03-2025 00:00,Plant C,Line 3,Widget D,Morning,M-10,OP-123,B1118,744,4,Crack,142,39.3,60.1,4.65,3.25,MB-206,Supplier X,Pass,Normal,Normal,Normal,
11275,20-08-2025 00:00,Plant C,Line 3,Widget D,Evening,M-12,OP-104,B1056,682,3,Assembly Error,68,43.8,60.1,4.55,1.87,MB-216,Supplier W,Pass,Normal,Normal,Normal,
10191,06-10-2025 00:00,Plant C,Line 2,Widget D,Morning,M-05,OP-120,B1160,1372,30,Dimension Error,32,40.7,60.1,4.75,1.08,MB-231,Supplier Z,Pass,Normal,Normal,Normal,
10574,21-09-2025 00:00,Plant B,Line 1,Widget A,Evening,M-01,OP-150,B1064,990,83,Color Defect,112,31.8,60,6.61,3.97,MB-234,Supplier Y,Review,Normal,Normal,Normal,
10524,01-04-2025 00:00,Plant B,Line 4,Widget B,Night,M-03,OP-127,B1117,684,17,Dent,85,33.8,59.9,5.25,3.79,MB-236,Supplier X,Pass,Normal,Normal,Normal,
10487,21-09-2025 00:00,Plant B,Line 2,Widget C,Evening,M-07,OP-123,B1045,1582,62,Crack,32,42.5,59.8,4.79,2.86,MB-215,Supplier Z,Review,Normal,Normal,Normal,
11141,19-11-2025 00:00,Plant C,Line 3,Widget D,Night,M-01,OP-131,B1190,594,8,Dimension Error,163,51.5,59.7,5.28,0.14,MB-237,Supplier W,Pass,Normal,Normal,Normal,
10337,26-03-2025 00:00,Plant C,Line 1,Widget C,Evening,M-02,OP-124,B1158,680,14,Scratch,165,37.2,59.7,5.22,3.19,MB-210,Supplier Z,Pass,Normal,Normal,Normal,
10542,29-01-2025 00:00,Plant C,Line 1,Widget A,Evening,M-01,OP-108,B1075,745,5,Crack,180,42.8,59.7,5.72,2.9,MB-238,Supplier Y,Pass,Normal,Normal,Normal,
11174,12-08-2025 00:00,Plant C,Line 1,Widget A,Morning,M-12,OP-144,B1101,1034,14,Assembly Error,158,42.1,59.7,4.98,3.08,MB-224,Supplier Z,Pass,Normal,Normal,Normal,
10192,20-08-2025 00:00,Plant C,Line 1,Widget C,Night,M-06,OP-118,B1001,1277,40,Crack,12,45.3,59.7,5.81,3.47,MB-209,Supplier Z,Review,Normal,Normal,Normal,
10426,22-06-2025 00:00,Plant B,Line 4,Widget B,Night,M-03,OP-137,B1070,1189,16,Crack,37,36.4,59.6,6,2.28,MB-237,Supplier W,Pass,Normal,Normal,Normal,
11226,16-11-2025 00:00,Plant A,Line 4,Widget B,Morning,M-03,OP-115,B1182,1539,15,Assembly Error,37,38.2,59.6,5.81,3.21,MB-201,Supplier Y,Pass,Normal,Normal,Normal,
11034,03-01-2025 00:00,Plant C,Line 4,Widget A,Evening,M-03,OP-124,B1147,578,3,Dimension Error,164,50.3,59.6,5.62,2.79,MB-224,Supplier W,Pass,Normal,Normal,Normal,
10730,26-09-2025 00:00,Plant A,Line 1,Widget A,Evening,M-07,OP-148,B1085,1195,40,Assembly Error,67,44.7,59.5,5.68,3.63,MB-238,Supplier Y,Review,Normal,Normal,Normal,
10299,01-07-2025 00:00,Plant A,Line 4,Widget A,Morning,M-02,OP-147,B1197,544,7,Assembly Error,61,37.3,59.4,4.56,2.96,MB-202,Supplier X,Pass,Normal,Normal,Normal,
10042,30-03-2025 00:00,Plant B,Line 4,Widget D,Evening,M-03,OP-138,B1096,454,2,Dent,27,56,59.4,4.23,1.03,MB-201,Supplier Y,Pass,Normal,Normal,Normal,
10429,15-05-2025 00:00,Plant B,Line 3,Widget A,Morning,M-09,OP-132,B1037,1072,7,Assembly Error,154,39.8,59.3,6.11,1.88,MB-226,Supplier X,Pass,Normal,Normal,Normal,
10343,16-01-2025 00:00,Plant B,Line 4,Widget C,Evening,M-02,OP-143,B1016,1308,16,Crack,36,40.2,59.2,4.61,3.52,MB-227,Supplier X,Pass,Normal,Normal,Normal,
11445,20-11-2025 00:00,Plant C,Line 4,Widget D,Evening,M-02,OP-103,B1102,1382,17,Color Defect,58,50.2,59.2,4.49,2.94,MB-202,Supplier W,Pass,Normal,Normal,Normal,
10286,21-10-2025 00:00,Plant C,Line 2,Widget D,Night,M-08,OP-106,B1084,535,3,Dent,61,41.3,59.2,4.59,2.66,MB-231,Supplier W,Pass,Normal,Normal,Normal,
10382,09-12-2025 00:00,Plant A,Line 2,Widget D,Night,M-01,OP-134,B1060,1218,34,Dent,14,36.2,59.2,4.92,0.65,MB-248,Supplier W,Pass,Normal,Normal,Normal,
10250,09-03-2025 00:00,Plant B,Line 1,Widget B,Morning,M-10,OP-108,B1005,1529,11,Scratch,28,35.5,59.2,4.94,2.57,MB-217,Supplier Z,Pass,Normal,Normal,Normal,
11193,31-10-2025 00:00,Plant C,Line 4,Widget C,Evening,M-12,OP-102,B1113,1298,10,Dent,22,36.1,59.1,4.91,4.04,MB-239,Supplier X,Pass,Normal,Normal,Normal,
11225,11-06-2025 00:00,Plant B,Line 4,Widget C,Morning,M-10,OP-112,B1171,870,7,Color Defect,152,51.3,59.1,4.31,4.69,MB-227,Supplier Y,Pass,Normal,Normal,Normal,
11424,09-09-2025 00:00,Plant B,Line 2,Widget D,Night,M-03,OP-101,B1158,1318,46,Crack,60,54,59,5.48,3.11,MB-222,Supplier Z,Review,Normal,Normal,Normal,
10972,27-06-2025 00:00,Plant A,Line 1,Widget D,Morning,M-12,OP-128,B1041,1120,6,Scratch,49,46.4,59,6.31,3.32,MB-206,Supplier Y,Pass,Normal,Normal,Normal,
10908,04-10-2025 00:00,Plant A,Line 4,Widget A,Morning,M-09,OP-128,B1005,1228,10,Color Defect,116,57,58.8,5.33,2.63,MB-211,Supplier Y,Pass,Normal,Normal,Normal,
11461,01-04-2025 00:00,Plant C,Line 4,Widget B,Morning,M-01,OP-116,B1092,1297,46,Dent,66,39.8,58.7,5.87,2.5,MB-210,Supplier X,Review,Normal,Normal,Normal,
11068,20-11-2025 00:00,Plant B,Line 2,Widget C,Evening,M-11,OP-136,B1133,491,7,Scratch,99,35.3,58.7,5.65,4.72,MB-243,Supplier X,Pass,Normal,Normal,Normal,
10797,29-12-2025 00:00,Plant B,Line 1,Widget D,Night,M-11,OP-138,B1002,563,4,Dent,152,41.5,58.7,5.89,0.24,MB-238,Supplier X,Pass,Normal,Normal,Normal,
11008,21-11-2025 00:00,Plant C,Line 4,Widget A,Morning,M-05,OP-111,B1165,1423,18,Assembly Error,151,36.4,58.7,3.8,4.78,MB-201,Supplier Y,Pass,Normal,Normal,Normal,
10028,14-12-2025 00:00,Plant B,Line 4,Widget B,Morning,M-12,OP-128,B1100,1185,3,Dent,45,39.7,58.7,6.58,1.16,MB-247,Supplier X,Pass,Normal,Normal,Normal,
11005,07-09-2025 00:00,Plant B,Line 4,Widget D,Evening,M-07,OP-130,B1008,681,4,Crack,63,43.5,58.6,5.29,3.52,MB-221,Supplier X,Pass,Normal,Normal,Normal,
10959,25-10-2025 00:00,Plant A,Line 2,Widget A,Evening,M-04,OP-129,B1191,1293,9,Scratch,72,43.4,58.6,5.31,2.86,MB-216,Supplier Y,Pass,Normal,Normal,Normal,
10652,10-07-2025 00:00,Plant A,Line 4,Widget D,Morning,M-07,OP-146,B1137,872,5,Scratch,36,25.5,58.5,3.9,3.49,MB-215,Supplier Z,Pass,Normal,Normal,Normal,
10619,13-10-2025 00:00,Plant C,Line 2,Widget C,Night,M-08,OP-141,B1161,1172,39,Assembly Error,43,32.2,58.4,5.5,1.83,MB-217,Supplier W,Review,Normal,Normal,Normal,
10309,30-06-2025 00:00,Plant A,Line 4,Widget A,Night,M-01,OP-140,B1117,891,13,Scratch,84,42.9,58.3,4.56,3.4,MB-209,Supplier Y,Pass,Normal,Normal,Normal,
10474,05-01-2025 00:00,Plant A,Line 4,Widget D,Morning,M-06,OP-111,B1180,1057,15,Crack,12,41.9,58.1,4.16,2.43,MB-235,Supplier W,Pass,Normal,Normal,Normal,
10226,05-03-2025 00:00,Plant A,Line 3,Widget C,Morning,M-04,OP-125,B1069,644,5,Color Defect,67,33.9,58,4.89,2.97,MB-235,Supplier Y,Pass,Normal,Normal,Normal,
10707,13-03-2025 00:00,Plant C,Line 2,Widget C,Morning,M-10,OP-118,B1081,1569,16,Color Defect,61,40.6,57.9,5.73,3.47,MB-232,Supplier W,Pass,Normal,Normal,Normal,
10449,10-08-2025 00:00,Plant C,Line 1,Widget B,Morning,M-10,OP-143,B1006,582,19,Color Defect,129,34.6,57.9,5.57,4.15,MB-234,Supplier Z,Review,Normal,Normal,Normal,
10584,01-09-2025 00:00,Plant A,Line 2,Widget D,Morning,M-04,OP-127,B1133,915,68,Scratch,167,40.9,57.8,4.57,3.52,MB-237,Supplier X,Review,Normal,Normal,Normal,
10917,09-08-2025 00:00,Plant C,Line 2,Widget C,Evening,M-05,OP-122,B1008,1332,19,Dent,166,45.5,57.8,3.92,3.7,MB-201,Supplier W,Pass,Normal,Normal,Normal,
10540,23-12-2025 00:00,Plant B,Line 2,Widget B,Morning,M-08,OP-139,B1123,1518,70,Scratch,25,40.4,57.8,5.04,3.61,MB-231,Supplier Z,Review,Normal,Normal,Normal,
10798,14-10-2025 00:00,Plant C,Line 1,Widget B,Morning,M-09,OP-119,B1169,1556,14,Crack,168,42.5,57.8,5.2,2.26,MB-214,Supplier W,Pass,Normal,Normal,Normal,
11115,07-09-2025 00:00,Plant C,Line 1,Widget C,Morning,M-11,OP-119,B1125,764,3,Dent,85,47.8,57.6,6.39,4.71,MB-241,Supplier W,Pass,Normal,Normal,Normal,
11095,26-05-2025 00:00,Plant B,Line 1,Widget D,Evening,M-10,OP-141,B1193,805,20,Scratch,44,37.6,57.6,4.55,2.03,MB-224,Supplier W,Pass,Normal,Normal,Normal,
11238,26-01-2025 00:00,Plant A,Line 3,Widget A,Evening,M-01,OP-106,B1185,522,13,Dimension Error,19,51.3,57.6,5.86,4.31,MB-201,Supplier X,Pass,Normal,Normal,Normal,
10039,13-07-2025 00:00,Plant C,Line 3,Widget D,Evening,M-12,OP-105,B1069,453,18,Assembly Error,158,36.7,57.6,3.9,2.85,MB-246,Supplier X,Review,Normal,Normal,Normal,
10740,05-05-2025 00:00,Plant B,Line 1,Widget A,Morning,M-02,OP-117,B1130,487,7,Dimension Error,41,49.3,57.4,4.96,2.12,MB-206,Supplier Y,Pass,Normal,Normal,Normal,
11264,16-01-2025 00:00,Plant A,Line 3,Widget A,Evening,M-12,OP-109,B1139,1103,7,Color Defect,150,38.6,57.3,5.14,4.19,MB-247,Supplier W,Pass,Normal,Normal,Normal,
11477,15-06-2025 00:00,Plant C,Line 1,Widget B,Morning,M-11,OP-104,B1186,647,16,Color Defect,142,43,57.2,4.36,3.43,MB-211,Supplier Z,Pass,Normal,Normal,Normal,
10606,11-03-2025 00:00,Plant C,Line 2,Widget C,Night,M-02,OP-131,B1011,1595,12,Dent,112,44.6,57.1,4.64,3.99,MB-224,Supplier Z,Pass,Normal,Normal,Normal,
10709,05-02-2025 00:00,Plant B,Line 3,Widget A,Evening,M-05,OP-109,B1036,906,28,Dimension Error,76,46.6,57.1,4.8,2.5,MB-236,Supplier Y,Review,Normal,Normal,Normal,
11279,15-03-2025 00:00,Plant C,Line 3,Widget A,Morning,M-10,OP-104,B1061,1487,36,Color Defect,136,35.2,57.1,4.63,4.84,MB-237,Supplier X,Pass,Normal,Normal,Normal,
10218,03-12-2025 00:00,Plant C,Line 3,Widget D,Evening,M-10,OP-148,B1043,462,10,Dimension Error,108,37.5,57.1,6.48,2.41,MB-205,Supplier Y,Pass,Normal,Normal,Normal,
10406,24-04-2025 00:00,Plant C,Line 4,Widget C,Morning,M-10,OP-138,B1077,1320,18,Assembly Error,173,41.4,57,6.43,2.4,MB-238,Supplier W,Pass,Normal,Normal,Normal,
11228,17-10-2025 00:00,Plant B,Line 1,Widget A,Evening,M-12,OP-150,B1168,1033,6,Dimension Error,161,35.8,57,4.25,0.87,MB-250,Supplier Y,Pass,Normal,Normal,Normal,
11260,19-06-2025 00:00,Plant B,Line 2,Widget D,Morning,M-12,OP-140,B1087,670,2,Crack,173,54.1,56.9,5.89,4.48,MB-200,Supplier X,Pass,Normal,Normal,Normal,
11386,08-06-2025 00:00,Plant B,Line 4,Widget D,Evening,M-09,OP-147,B1037,1280,7,Dent,109,38.6,56.8,5.53,3.37,MB-215,Supplier Z,Pass,Normal,Normal,Normal,
10089,18-03-2025 00:00,Plant A,Line 1,Widget B,Morning,M-03,OP-107,B1084,1254,13,Assembly Error,150,32,56.7,5.98,4.01,MB-238,Supplier W,Pass,Normal,Normal,Normal,
10982,21-02-2025 00:00,Plant A,Line 1,Widget B,Evening,M-01,OP-115,B1083,1070,9,Assembly Error,38,35.4,56.7,4.6,2.57,MB-207,Supplier Z,Pass,Normal,Normal,Normal,
11429,12-02-2025 00:00,Plant C,Line 2,Widget A,Morning,M-02,OP-122,B1008,712,1,Dimension Error,15,19.7,56.6,4.52,3.11,MB-209,Supplier Y,Pass,Normal,Normal,Normal,
11401,09-08-2025 00:00,Plant B,Line 1,Widget C,Morning,M-11,OP-131,B1137,479,6,Color Defect,121,41.4,56.6,6.43,1.6,MB-225,Supplier X,Pass,Normal,Normal,Normal,
10850,10-09-2025 00:00,Plant B,Line 3,Widget D,Evening,M-01,OP-117,B1182,461,5,Dent,57,37.3,56.6,3.17,4.41,MB-201,Supplier X,Pass,Normal,Normal,Normal,
10014,07-06-2025 00:00,Plant A,Line 2,Widget A,Night,M-12,OP-141,B1036,1265,7,Dimension Error,28,46.2,56.4,5.47,2.86,MB-220,Supplier W,Pass,Normal,Normal,Normal,
10546,27-10-2025 00:00,Plant B,Line 1,Widget A,Evening,M-05,OP-108,B1109,1358,11,Scratch,126,46.6,56.3,4.37,3.03,MB-235,Supplier W,Pass,Normal,Normal,Normal,
10674,15-12-2025 00:00,Plant C,Line 2,Widget C,Evening,M-02,OP-132,B1094,1580,22,Color Defect,90,42.2,56.3,6.16,1.97,MB-214,Supplier X,Pass,Normal,Normal,Normal,
10747,16-08-2025 00:00,Plant B,Line 3,Widget B,Evening,M-09,OP-135,B1049,1329,29,Dent,108,42.7,56.2,5.01,3.96,MB-212,Supplier W,Pass,Normal,Normal,Normal,
10585,22-06-2025 00:00,Plant A,Line 2,Widget C,Night,M-06,OP-114,B1119,949,11,Crack,156,33.6,56.1,5.41,2.47,MB-237,Supplier Z,Pass,Normal,Normal,Normal,
10820,11-11-2025 00:00,Plant A,Line 1,Widget A,Night,M-12,OP-115,B1087,1504,6,Scratch,145,43,56.1,5.65,2.36,MB-245,Supplier Z,Pass,Normal,Normal,Normal,
11144,25-07-2025 00:00,Plant B,Line 2,Widget B,Morning,M-03,OP-106,B1130,1308,45,Dent,69,37.9,56,6.66,3.52,MB-205,Supplier X,Review,Normal,Normal,Normal,
10209,27-05-2025 00:00,Plant B,Line 4,Widget B,Evening,M-05,OP-104,B1176,1588,9,Assembly Error,47,38.1,55.8,5.58,4.94,MB-235,Supplier Z,Pass,Normal,Normal,Normal,
10929,05-09-2025 00:00,Plant B,Line 4,Widget B,Morning,M-10,OP-125,B1086,979,10,Scratch,9,43.9,55.8,5.62,3.07,MB-214,Supplier Z,Pass,Normal,Normal,Normal,
10956,18-12-2025 00:00,Plant B,Line 2,Widget A,Morning,M-05,OP-136,B1004,1477,17,Dent,51,43.3,55.7,3.63,2.06,MB-242,Supplier X,Pass,Normal,Normal,Normal,
10196,02-08-2025 00:00,Plant B,Line 3,Widget A,Night,M-02,OP-120,B1177,907,8,Dimension Error,116,28,55.6,5.67,3.09,MB-227,Supplier W,Pass,Normal,Normal,Normal,
11076,15-05-2025 00:00,Plant B,Line 1,Widget C,Morning,M-11,OP-136,B1059,729,25,Assembly Error,100,39.1,55.6,5,3.73,MB-245,Supplier Y,Review,Normal,Normal,Normal,
10207,04-11-2025 00:00,Plant A,Line 2,Widget C,Morning,M-03,OP-111,B1097,1163,14,Scratch,13,39,55.6,5.3,2.9,MB-207,Supplier W,Pass,Normal,Normal,Normal,
10763,12-04-2025 00:00,Plant A,Line 3,Widget C,Evening,M-05,OP-103,B1125,581,4,Scratch,39,52.7,55.5,4.94,3.61,MB-220,Supplier W,Pass,Normal,Normal,Normal,
10815,06-02-2025 00:00,Plant B,Line 1,Widget A,Morning,M-07,OP-114,B1047,847,7,Color Defect,138,44.2,55.4,6.1,3.67,MB-207,Supplier W,Pass,Normal,Normal,Normal,
10620,14-12-2025 00:00,Plant B,Line 1,Widget B,Morning,M-02,OP-150,B1152,1125,8,Scratch,57,42.8,55.2,3.82,3.06,MB-203,Supplier W,Pass,Normal,Normal,Normal,
10240,06-10-2025 00:00,Plant B,Line 4,Widget C,Night,M-10,OP-125,B1053,754,8,Color Defect,33,42.6,55,5.57,1.72,MB-216,Supplier Z,Pass,Normal,Normal,Normal,
11217,12-02-2025 00:00,Plant B,Line 2,Widget A,Night,M-12,OP-130,B1093,736,9,Assembly Error,148,39.5,54.3,6.51,3.91,MB-247,Supplier W,Pass,Normal,Normal,Normal,
10316,13-03-2025 00:00,Plant A,Line 2,Widget C,Evening,M-01,OP-116,B1164,1455,18,Dent,7,29.5,54.2,5.38,2.18,MB-237,Supplier Y,Pass,Normal,Normal,Normal,
10879,17-11-2025 00:00,Plant A,Line 1,Widget D,Night,M-11,OP-118,B1122,1076,13,Crack,137,40,54.1,5.8,1.04,MB-217,Supplier X,Pass,Normal,Normal,Normal,
11073,16-08-2025 00:00,Plant C,Line 4,Widget B,Night,M-01,OP-150,B1049,822,7,Assembly Error,105,36.9,53.7,6.04,1.76,MB-207,Supplier X,Pass,Normal,Normal,Normal,
10399,28-12-2025 00:00,Plant A,Line 1,Widget D,Evening,M-01,OP-149,B1089,523,2,Color Defect,85,35,53.4,5.74,5.55,MB-221,Supplier Z,Pass,Normal,Normal,Normal,
10857,05-06-2025 00:00,Plant B,Line 3,Widget D,Morning,M-10,OP-121,B1057,932,35,Scratch,166,53.8,53.2,5.89,3.98,MB-222,Supplier X,Review,Normal,Normal,Normal,
10883,12-03-2025 00:00,Plant C,Line 4,Widget A,Evening,M-08,OP-136,B1025,1567,54,Scratch,142,42.8,53.1,4.13,1.97,MB-249,Supplier W,Review,Normal,Normal,Normal,
10698,28-07-2025 00:00,Plant C,Line 4,Widget A,Morning,M-01,OP-147,B1011,691,4,Color Defect,123,34,53.1,5.07,4.4,MB-243,Supplier X,Pass,Normal,Normal,Normal,
10840,06-08-2025 00:00,Plant B,Line 2,Widget A,Night,M-06,OP-125,B1189,598,22,Assembly Error,155,54.4,53,7.59,3.57,MB-246,Supplier W,Review,Normal,Normal,Normal,
10235,08-09-2025 00:00,Plant C,Line 1,Widget A,Evening,M-09,OP-131,B1021,1234,23,Color Defect,177,38.9,52.7,4.56,2.6,MB-215,Supplier Z,Pass,Normal,Normal,Normal,
10944,26-04-2025 00:00,Plant A,Line 2,Widget B,Evening,M-12,OP-109,B1104,893,7,Crack,53,47.6,52.6,6.69,2.87,MB-248,Supplier Y,Pass,Normal,Normal,Normal,
11045,18-10-2025 00:00,Plant A,Line 3,Widget A,Morning,M-02,OP-114,B1109,648,6,Dent,8,41.7,52.5,5.01,2.78,MB-222,Supplier Z,Pass,Normal,Normal,Normal,
11336,10-04-2025 00:00,Plant C,Line 3,Widget C,Morning,M-02,OP-146,B1051,914,10,Crack,128,49.9,52.4,5.37,2.52,MB-220,Supplier X,Pass,Normal,Normal,Normal,
11333,23-01-2025 00:00,Plant C,Line 3,Widget A,Evening,M-05,OP-104,B1176,1520,11,Assembly Error,52,37.7,51.8,6.03,3.35,MB-231,Supplier Z,Pass,Normal,Normal,Normal,
11089,13-07-2025 00:00,Plant C,Line 2,Widget C,Morning,M-10,OP-113,B1180,1096,44,Scratch,104,31.6,50.1,5.32,2.66,MB-209,Supplier Y,Review,Normal,Normal,Normal,
11046,27-04-2025 00:00,Plant C,Line 3,Widget B,Evening,M-02,OP-147,B1099,1548,47,Color Defect,180,37.7,49.5,5.03,2.48,MB-237,Supplier Y,Review,Normal,Normal,Normal,
10547,21-03-2025 00:00,Plant C,Line 3,Widget A,Evening,M-03,OP-108,B1037,1548,41,Dent,72,50.3,49.2,5.58,3.9,MB-213,Supplier Z,Pass,Normal,Normal,Normal,
10645,29-12-2025 00:00,Plant C,Line 4,Widget C,Evening,M-10,OP-146,B1053,781,11,Color Defect,165,48.3,41.9,5.05,3.46,MB-228,Supplier W,Pass,Normal,Normal,Normal,
10605,25-10-2025 00:00,Plant B,Line 2,Widget A,Morning,M-05,OP-110,B1149,875,7,Crack,161,37.6,12,5.01,3.02,MB-241,Supplier X,Pass,Investigate,Normal,Normal,
